title,permalink,body,published_at,filter,categories,tags,jenis,brand,description,image,product,price,sku,kondisi
Jual Bustong Wanita - JUP 108 Murah,bustong-wanita-jup-108,"
     <div class=""product-details""><!--product-details-->
      <div class=""col-sm-5"">
       <div class=""view-product"">
        <img src=""{{ page.image }}"" alt=""{{ page.product }}"" title=""{{ page.product }}"" />
        <h3><a style=""text-decoration: none; color: #ffffff"" href=""{{ page.image }}"" target=""_blank"" title=""Klik disini untuk memperbesar"">ZOOM</a></h3>
       </div>
      </div>

      <div class=""col-sm-7"">
       <div class=""product-information""><!--/product-information-->
        <h1>{{ page.product }}</h1>
        <p>SKU: {{ page.sku }}</p>
        <img src=""{{ site.url }}/img/rating.png"" alt=""rating"" title=""rating"" /><br>
        <span>
         <span>{{ page.price }}</span>        
         <label>Stok:<a href=""http://stok.lipatan.com"" target=""_blank"" title=""Cek Stok"">
          <script type=""text/javascript"">
          <!--
          document.write(unescape('%3c%62%75%74%74%6f%6e%20%74%79%70%65%3d%22%62%75%74%74%6f%6e%22%20%63%6c%61%73%73%3d%22%62%74%6e%20%62%74%6e%2d%66%65%66%61%75%6c%74%20%63%61%72%74%22%3e%09%09%09%09%09%09%09%09%09%09%3c%69%20%63%6c%61%73%73%3d%22%66%61%20%66%61%2d%73%68%6f%70%70%69%6e%67%2d%63%61%72%74%22%3e%3c%2f%69%3e%09%09%09%09%09%09%09%09%09%09%43%65%6b%20%53%74%6f%6b%3c%2f%62%75%74%74%6f%6e%3e'));
          //-->
          </script>
          </a>
         </label>
        </span>
        <p><b>Kondisi:</b> {{ page.kondisi }}</p>
        <p><b>Deskripsi:</b> {{ page.description }}</p>
        {% include buy.html %}
       </div><!--/product-information-->
      </div>
     </div><!--/product-details-->
     
     <div class=""category-tab shop-details-tab""><!--category-tab-->
      <div class=""col-sm-12"">
       <ul class=""nav nav-tabs"">
        <li class=""active""><a href=""{{ site.url }}{{ page.url }}#keterangan"" data-toggle=""tab"" title=""Keterangan"">Keterangan</a></li>        
       </ul>
      </div>
      <div class=""tab-content"">
       <div class=""tab-pane fade active in"" id=""keterangan"" >
        <div class=""col-sm-12"">
         <h2>{{ page.product }}</h2>         
         <ol class=""breadcrumb"">
            <li class=""active"">Tag :</li>
            <li><a href=""{{ site.url }}/{{ page.jenis }}"" title=""{{ page.jenis }}"">{{ page.jenis }}</a></li>
            <li><a href=""{{ site.url }}/{{ page.brand }}"" title=""{{ page.brand }}"">{{ page.brand }}</a></li>  
         </ol>         
         <p>Tampil trendy dengan Sepatu Sandal Wanita merek Java Seven. Brand fashion asal Bandung. Cocok untuk hadiah orang yang Anda sayangi agar terlihat lebih gaya, tampil berbeda dan percaya diri. Bustong Wanita - JUP 108 dengan bahan KULIT ini dijamin awet.<br/>Kode : JUP 108<br/>Warna : HITAM<br/>Bahan : KULIT<br/>Ukuran : 36 - 40<br/>Berat : 0.9 kg<br>
         </p>

         <p style=""background-color: #5cb85c; color: #ffffff; padding: 5px; text-align: center; display: inline-block; box-shadow: 0 1px 3px rgba(0,0,0,0.12), 0 1px 2px rgba(0,0,0,0.24);"">
         ID Penjual : BDRS<br>
         Lokasi : Bandung</p>

         {% include share.html %}

         {% include disqus.html %}
         
        </div>
       </div>       
       
      </div>
     </div><!--/category-tab-->",2017-02-12,html,sepatu-sandal-wanita,java-seven,sepatu-sandal-wanita,java-seven,"Sepatu Sandal Wanita Bahan KULIT, Ukuran 36 - 40, Warna HITAM",https://images.lipatan.com/katalog-java-seven-2017/foto-produk-satuan/358-jup-108.jpg,Bustong Wanita - JUP 108,Rp 162.900,JUP 108,Baru
Jual Bustong Wanita - JUP 101 Murah,bustong-wanita-jup-101,"
     <div class=""product-details""><!--product-details-->
      <div class=""col-sm-5"">
       <div class=""view-product"">
        <img src=""{{ page.image }}"" alt=""{{ page.product }}"" title=""{{ page.product }}"" />
        <h3><a style=""text-decoration: none; color: #ffffff"" href=""{{ page.image }}"" target=""_blank"" title=""Klik disini untuk memperbesar"">ZOOM</a></h3>
       </div>
      </div>

      <div class=""col-sm-7"">
       <div class=""product-information""><!--/product-information-->
        <h1>{{ page.product }}</h1>
        <p>SKU: {{ page.sku }}</p>
        <img src=""{{ site.url }}/img/rating.png"" alt=""rating"" title=""rating"" /><br>
        <span>
         <span>{{ page.price }}</span>        
         <label>Stok:<a href=""http://stok.lipatan.com"" target=""_blank"" title=""Cek Stok"">
          <script type=""text/javascript"">
          <!--
          document.write(unescape('%3c%62%75%74%74%6f%6e%20%74%79%70%65%3d%22%62%75%74%74%6f%6e%22%20%63%6c%61%73%73%3d%22%62%74%6e%20%62%74%6e%2d%66%65%66%61%75%6c%74%20%63%61%72%74%22%3e%09%09%09%09%09%09%09%09%09%09%3c%69%20%63%6c%61%73%73%3d%22%66%61%20%66%61%2d%73%68%6f%70%70%69%6e%67%2d%63%61%72%74%22%3e%3c%2f%69%3e%09%09%09%09%09%09%09%09%09%09%43%65%6b%20%53%74%6f%6b%3c%2f%62%75%74%74%6f%6e%3e'));
          //-->
          </script>
          </a>
         </label>
        </span>
        <p><b>Kondisi:</b> {{ page.kondisi }}</p>
        <p><b>Deskripsi:</b> {{ page.description }}</p>
        {% include buy.html %}
       </div><!--/product-information-->
      </div>
     </div><!--/product-details-->
     
     <div class=""category-tab shop-details-tab""><!--category-tab-->
      <div class=""col-sm-12"">
       <ul class=""nav nav-tabs"">
        <li class=""active""><a href=""{{ site.url }}{{ page.url }}#keterangan"" data-toggle=""tab"" title=""Keterangan"">Keterangan</a></li>        
       </ul>
      </div>
      <div class=""tab-content"">
       <div class=""tab-pane fade active in"" id=""keterangan"" >
        <div class=""col-sm-12"">
         <h2>{{ page.product }}</h2>         
         <ol class=""breadcrumb"">
            <li class=""active"">Tag :</li>
            <li><a href=""{{ site.url }}/{{ page.jenis }}"" title=""{{ page.jenis }}"">{{ page.jenis }}</a></li>
            <li><a href=""{{ site.url }}/{{ page.brand }}"" title=""{{ page.brand }}"">{{ page.brand }}</a></li>  
         </ol>         
         <p>Tampil trendy dengan Sepatu Sandal Wanita merek Java Seven. Brand fashion asal Bandung. Cocok untuk hadiah orang yang Anda sayangi agar terlihat lebih gaya, tampil berbeda dan percaya diri. Bustong Wanita - JUP 101 dengan bahan KULIT ini dijamin awet.<br/>Kode : JUP 101<br/>Warna : MAROON<br/>Bahan : KULIT<br/>Ukuran : 36 - 40<br/>Berat : 0.9 kg<br>
         </p>

         <p style=""background-color: #5cb85c; color: #ffffff; padding: 5px; text-align: center; display: inline-block; box-shadow: 0 1px 3px rgba(0,0,0,0.12), 0 1px 2px rgba(0,0,0,0.24);"">
         ID Penjual : BDRS<br>
         Lokasi : Bandung</p>

         {% include share.html %}

         {% include disqus.html %}
         
        </div>
       </div>       
       
      </div>
     </div><!--/category-tab-->",2017-02-12,html,sepatu-sandal-wanita,java-seven,sepatu-sandal-wanita,java-seven,"Sepatu Sandal Wanita Bahan KULIT, Ukuran 36 - 40, Warna MAROON",https://images.lipatan.com/katalog-java-seven-2017/foto-produk-satuan/359-jup-101.jpg,Bustong Wanita - JUP 101,Rp 160.900,JUP 101,Baru
Jual Bustong Wanita - BJI 669 Murah,bustong-wanita-bji-669,"
     <div class=""product-details""><!--product-details-->
      <div class=""col-sm-5"">
       <div class=""view-product"">
        <img src=""{{ page.image }}"" alt=""{{ page.product }}"" title=""{{ page.product }}"" />
        <h3><a style=""text-decoration: none; color: #ffffff"" href=""{{ page.image }}"" target=""_blank"" title=""Klik disini untuk memperbesar"">ZOOM</a></h3>
       </div>
      </div>

      <div class=""col-sm-7"">
       <div class=""product-information""><!--/product-information-->
        <h1>{{ page.product }}</h1>
        <p>SKU: {{ page.sku }}</p>
        <img src=""{{ site.url }}/img/rating.png"" alt=""rating"" title=""rating"" /><br>
        <span>
         <span>{{ page.price }}</span>        
         <label>Stok:<a href=""http://stok.lipatan.com"" target=""_blank"" title=""Cek Stok"">
          <script type=""text/javascript"">
          <!--
          document.write(unescape('%3c%62%75%74%74%6f%6e%20%74%79%70%65%3d%22%62%75%74%74%6f%6e%22%20%63%6c%61%73%73%3d%22%62%74%6e%20%62%74%6e%2d%66%65%66%61%75%6c%74%20%63%61%72%74%22%3e%09%09%09%09%09%09%09%09%09%09%3c%69%20%63%6c%61%73%73%3d%22%66%61%20%66%61%2d%73%68%6f%70%70%69%6e%67%2d%63%61%72%74%22%3e%3c%2f%69%3e%09%09%09%09%09%09%09%09%09%09%43%65%6b%20%53%74%6f%6b%3c%2f%62%75%74%74%6f%6e%3e'));
          //-->
          </script>
          </a>
         </label>
        </span>
        <p><b>Kondisi:</b> {{ page.kondisi }}</p>
        <p><b>Deskripsi:</b> {{ page.description }}</p>
        {% include buy.html %}
       </div><!--/product-information-->
      </div>
     </div><!--/product-details-->
     
     <div class=""category-tab shop-details-tab""><!--category-tab-->
      <div class=""col-sm-12"">
       <ul class=""nav nav-tabs"">
        <li class=""active""><a href=""{{ site.url }}{{ page.url }}#keterangan"" data-toggle=""tab"" title=""Keterangan"">Keterangan</a></li>        
       </ul>
      </div>
      <div class=""tab-content"">
       <div class=""tab-pane fade active in"" id=""keterangan"" >
        <div class=""col-sm-12"">
         <h2>{{ page.product }}</h2>         
         <ol class=""breadcrumb"">
            <li class=""active"">Tag :</li>
            <li><a href=""{{ site.url }}/{{ page.jenis }}"" title=""{{ page.jenis }}"">{{ page.jenis }}</a></li>
            <li><a href=""{{ site.url }}/{{ page.brand }}"" title=""{{ page.brand }}"">{{ page.brand }}</a></li>  
         </ol>         
         <p>Tampil trendy dengan Sepatu Sandal Wanita merek Java Seven. Brand fashion asal Bandung. Cocok untuk hadiah orang yang Anda sayangi agar terlihat lebih gaya, tampil berbeda dan percaya diri. Bustong Wanita - BJI 669 dengan bahan KULIT ini dijamin awet.<br/>Kode : BJI 669<br/>Warna : COKLAT KOMB<br/>Bahan : KULIT<br/>Ukuran : 36 - 40<br/>Berat : 0.9 kg<br>
         </p>

         <p style=""background-color: #5cb85c; color: #ffffff; padding: 5px; text-align: center; display: inline-block; box-shadow: 0 1px 3px rgba(0,0,0,0.12), 0 1px 2px rgba(0,0,0,0.24);"">
         ID Penjual : BDRS<br>
         Lokasi : Bandung</p>

         {% include share.html %}

         {% include disqus.html %}
         
        </div>
       </div>       
       
      </div>
     </div><!--/category-tab-->",2017-02-12,html,sepatu-sandal-wanita,java-seven,sepatu-sandal-wanita,java-seven,"Sepatu Sandal Wanita Bahan KULIT, Ukuran 36 - 40, Warna COKLAT KOMB",https://images.lipatan.com/katalog-java-seven-2017/foto-produk-satuan/360-bji-669.jpg,Bustong Wanita - BJI 669,Rp 183.900,BJI 669,Baru
Jual Bustong Wanita - JUP 109 Murah,bustong-wanita-jup-109,"
     <div class=""product-details""><!--product-details-->
      <div class=""col-sm-5"">
       <div class=""view-product"">
        <img src=""{{ page.image }}"" alt=""{{ page.product }}"" title=""{{ page.product }}"" />
        <h3><a style=""text-decoration: none; color: #ffffff"" href=""{{ page.image }}"" target=""_blank"" title=""Klik disini untuk memperbesar"">ZOOM</a></h3>
       </div>
      </div>

      <div class=""col-sm-7"">
       <div class=""product-information""><!--/product-information-->
        <h1>{{ page.product }}</h1>
        <p>SKU: {{ page.sku }}</p>
        <img src=""{{ site.url }}/img/rating.png"" alt=""rating"" title=""rating"" /><br>
        <span>
         <span>{{ page.price }}</span>        
         <label>Stok:<a href=""http://stok.lipatan.com"" target=""_blank"" title=""Cek Stok"">
          <script type=""text/javascript"">
          <!--
          document.write(unescape('%3c%62%75%74%74%6f%6e%20%74%79%70%65%3d%22%62%75%74%74%6f%6e%22%20%63%6c%61%73%73%3d%22%62%74%6e%20%62%74%6e%2d%66%65%66%61%75%6c%74%20%63%61%72%74%22%3e%09%09%09%09%09%09%09%09%09%09%3c%69%20%63%6c%61%73%73%3d%22%66%61%20%66%61%2d%73%68%6f%70%70%69%6e%67%2d%63%61%72%74%22%3e%3c%2f%69%3e%09%09%09%09%09%09%09%09%09%09%43%65%6b%20%53%74%6f%6b%3c%2f%62%75%74%74%6f%6e%3e'));
          //-->
          </script>
          </a>
         </label>
        </span>
        <p><b>Kondisi:</b> {{ page.kondisi }}</p>
        <p><b>Deskripsi:</b> {{ page.description }}</p>
        {% include buy.html %}
       </div><!--/product-information-->
      </div>
     </div><!--/product-details-->
     
     <div class=""category-tab shop-details-tab""><!--category-tab-->
      <div class=""col-sm-12"">
       <ul class=""nav nav-tabs"">
        <li class=""active""><a href=""{{ site.url }}{{ page.url }}#keterangan"" data-toggle=""tab"" title=""Keterangan"">Keterangan</a></li>        
       </ul>
      </div>
      <div class=""tab-content"">
       <div class=""tab-pane fade active in"" id=""keterangan"" >
        <div class=""col-sm-12"">
         <h2>{{ page.product }}</h2>         
         <ol class=""breadcrumb"">
            <li class=""active"">Tag :</li>
            <li><a href=""{{ site.url }}/{{ page.jenis }}"" title=""{{ page.jenis }}"">{{ page.jenis }}</a></li>
            <li><a href=""{{ site.url }}/{{ page.brand }}"" title=""{{ page.brand }}"">{{ page.brand }}</a></li>  
         </ol>         
         <p>Tampil trendy dengan Sepatu Sandal Wanita merek Java Seven. Brand fashion asal Bandung. Cocok untuk hadiah orang yang Anda sayangi agar terlihat lebih gaya, tampil berbeda dan percaya diri. Bustong Wanita - JUP 109 dengan bahan KULIT ini dijamin awet.<br/>Kode : JUP 109<br/>Warna : HITAM<br/>Bahan : KULIT<br/>Ukuran : 36 - 40<br/>Berat : 0.9 kg<br>
         </p>

         <p style=""background-color: #5cb85c; color: #ffffff; padding: 5px; text-align: center; display: inline-block; box-shadow: 0 1px 3px rgba(0,0,0,0.12), 0 1px 2px rgba(0,0,0,0.24);"">
         ID Penjual : BDRS<br>
         Lokasi : Bandung</p>

         {% include share.html %}

         {% include disqus.html %}
         
        </div>
       </div>       
       
      </div>
     </div><!--/category-tab-->",2017-02-12,html,sepatu-sandal-wanita,java-seven,sepatu-sandal-wanita,java-seven,"Sepatu Sandal Wanita Bahan KULIT, Ukuran 36 - 40, Warna HITAM",https://images.lipatan.com/katalog-java-seven-2017/foto-produk-satuan/361-jup-109.jpg,Bustong Wanita - JUP 109,Rp 162.900,JUP 109,Baru
Jual Bustong Wanita - JUP 117 Murah,bustong-wanita-jup-117,"
     <div class=""product-details""><!--product-details-->
      <div class=""col-sm-5"">
       <div class=""view-product"">
        <img src=""{{ page.image }}"" alt=""{{ page.product }}"" title=""{{ page.product }}"" />
        <h3><a style=""text-decoration: none; color: #ffffff"" href=""{{ page.image }}"" target=""_blank"" title=""Klik disini untuk memperbesar"">ZOOM</a></h3>
       </div>
      </div>

      <div class=""col-sm-7"">
       <div class=""product-information""><!--/product-information-->
        <h1>{{ page.product }}</h1>
        <p>SKU: {{ page.sku }}</p>
        <img src=""{{ site.url }}/img/rating.png"" alt=""rating"" title=""rating"" /><br>
        <span>
         <span>{{ page.price }}</span>        
         <label>Stok:<a href=""http://stok.lipatan.com"" target=""_blank"" title=""Cek Stok"">
          <script type=""text/javascript"">
          <!--
          document.write(unescape('%3c%62%75%74%74%6f%6e%20%74%79%70%65%3d%22%62%75%74%74%6f%6e%22%20%63%6c%61%73%73%3d%22%62%74%6e%20%62%74%6e%2d%66%65%66%61%75%6c%74%20%63%61%72%74%22%3e%09%09%09%09%09%09%09%09%09%09%3c%69%20%63%6c%61%73%73%3d%22%66%61%20%66%61%2d%73%68%6f%70%70%69%6e%67%2d%63%61%72%74%22%3e%3c%2f%69%3e%09%09%09%09%09%09%09%09%09%09%43%65%6b%20%53%74%6f%6b%3c%2f%62%75%74%74%6f%6e%3e'));
          //-->
          </script>
          </a>
         </label>
        </span>
        <p><b>Kondisi:</b> {{ page.kondisi }}</p>
        <p><b>Deskripsi:</b> {{ page.description }}</p>
        {% include buy.html %}
       </div><!--/product-information-->
      </div>
     </div><!--/product-details-->
     
     <div class=""category-tab shop-details-tab""><!--category-tab-->
      <div class=""col-sm-12"">
       <ul class=""nav nav-tabs"">
        <li class=""active""><a href=""{{ site.url }}{{ page.url }}#keterangan"" data-toggle=""tab"" title=""Keterangan"">Keterangan</a></li>        
       </ul>
      </div>
      <div class=""tab-content"">
       <div class=""tab-pane fade active in"" id=""keterangan"" >
        <div class=""col-sm-12"">
         <h2>{{ page.product }}</h2>         
         <ol class=""breadcrumb"">
            <li class=""active"">Tag :</li>
            <li><a href=""{{ site.url }}/{{ page.jenis }}"" title=""{{ page.jenis }}"">{{ page.jenis }}</a></li>
            <li><a href=""{{ site.url }}/{{ page.brand }}"" title=""{{ page.brand }}"">{{ page.brand }}</a></li>  
         </ol>         
         <p>Tampil trendy dengan Sepatu Sandal Wanita merek Java Seven. Brand fashion asal Bandung. Cocok untuk hadiah orang yang Anda sayangi agar terlihat lebih gaya, tampil berbeda dan percaya diri. Bustong Wanita - JUP 117 dengan bahan KULIT ini dijamin awet.<br/>Kode : JUP 117<br/>Warna : HITAM<br/>Bahan : KULIT<br/>Ukuran : 36 - 40<br/>Berat : 0.9 kg<br>
         </p>

         <p style=""background-color: #5cb85c; color: #ffffff; padding: 5px; text-align: center; display: inline-block; box-shadow: 0 1px 3px rgba(0,0,0,0.12), 0 1px 2px rgba(0,0,0,0.24);"">
         ID Penjual : BDRS<br>
         Lokasi : Bandung</p>

         {% include share.html %}

         {% include disqus.html %}
         
        </div>
       </div>       
       
      </div>
     </div><!--/category-tab-->",2017-02-12,html,sepatu-sandal-wanita,java-seven,sepatu-sandal-wanita,java-seven,"Sepatu Sandal Wanita Bahan KULIT, Ukuran 36 - 40, Warna HITAM",https://images.lipatan.com/katalog-java-seven-2017/foto-produk-satuan/362-jup-117.jpg,Bustong Wanita - JUP 117,Rp 164.900,JUP 117,Baru
Jual Bustong Wanita - PAS 003 Murah,bustong-wanita-pas-003,"
     <div class=""product-details""><!--product-details-->
      <div class=""col-sm-5"">
       <div class=""view-product"">
        <img src=""{{ page.image }}"" alt=""{{ page.product }}"" title=""{{ page.product }}"" />
        <h3><a style=""text-decoration: none; color: #ffffff"" href=""{{ page.image }}"" target=""_blank"" title=""Klik disini untuk memperbesar"">ZOOM</a></h3>
       </div>
      </div>

      <div class=""col-sm-7"">
       <div class=""product-information""><!--/product-information-->
        <h1>{{ page.product }}</h1>
        <p>SKU: {{ page.sku }}</p>
        <img src=""{{ site.url }}/img/rating.png"" alt=""rating"" title=""rating"" /><br>
        <span>
         <span>{{ page.price }}</span>        
         <label>Stok:<a href=""http://stok.lipatan.com"" target=""_blank"" title=""Cek Stok"">
          <script type=""text/javascript"">
          <!--
          document.write(unescape('%3c%62%75%74%74%6f%6e%20%74%79%70%65%3d%22%62%75%74%74%6f%6e%22%20%63%6c%61%73%73%3d%22%62%74%6e%20%62%74%6e%2d%66%65%66%61%75%6c%74%20%63%61%72%74%22%3e%09%09%09%09%09%09%09%09%09%09%3c%69%20%63%6c%61%73%73%3d%22%66%61%20%66%61%2d%73%68%6f%70%70%69%6e%67%2d%63%61%72%74%22%3e%3c%2f%69%3e%09%09%09%09%09%09%09%09%09%09%43%65%6b%20%53%74%6f%6b%3c%2f%62%75%74%74%6f%6e%3e'));
          //-->
          </script>
          </a>
         </label>
        </span>
        <p><b>Kondisi:</b> {{ page.kondisi }}</p>
        <p><b>Deskripsi:</b> {{ page.description }}</p>
        {% include buy.html %}
       </div><!--/product-information-->
      </div>
     </div><!--/product-details-->
     
     <div class=""category-tab shop-details-tab""><!--category-tab-->
      <div class=""col-sm-12"">
       <ul class=""nav nav-tabs"">
        <li class=""active""><a href=""{{ site.url }}{{ page.url }}#keterangan"" data-toggle=""tab"" title=""Keterangan"">Keterangan</a></li>        
       </ul>
      </div>
      <div class=""tab-content"">
       <div class=""tab-pane fade active in"" id=""keterangan"" >
        <div class=""col-sm-12"">
         <h2>{{ page.product }}</h2>         
         <ol class=""breadcrumb"">
            <li class=""active"">Tag :</li>
            <li><a href=""{{ site.url }}/{{ page.jenis }}"" title=""{{ page.jenis }}"">{{ page.jenis }}</a></li>
            <li><a href=""{{ site.url }}/{{ page.brand }}"" title=""{{ page.brand }}"">{{ page.brand }}</a></li>  
         </ol>         
         <p>Tampil trendy dengan Sepatu Sandal Wanita merek Java Seven. Brand fashion asal Bandung. Cocok untuk hadiah orang yang Anda sayangi agar terlihat lebih gaya, tampil berbeda dan percaya diri. Bustong Wanita - PAS 003 dengan bahan SYNTETIC ini dijamin awet.<br/>Kode : PAS 003<br/>Warna : HITAM<br/>Bahan : SYNTETIC<br/>Ukuran : 36 - 40<br/>Berat : 0.9 kg<br>
         </p>

         <p style=""background-color: #5cb85c; color: #ffffff; padding: 5px; text-align: center; display: inline-block; box-shadow: 0 1px 3px rgba(0,0,0,0.12), 0 1px 2px rgba(0,0,0,0.24);"">
         ID Penjual : BDRS<br>
         Lokasi : Bandung</p>

         {% include share.html %}

         {% include disqus.html %}
         
        </div>
       </div>       
       
      </div>
     </div><!--/category-tab-->",2017-02-12,html,sepatu-sandal-wanita,java-seven,sepatu-sandal-wanita,java-seven,"Sepatu Sandal Wanita Bahan SYNTETIC, Ukuran 36 - 40, Warna HITAM",https://images.lipatan.com/katalog-java-seven-2017/foto-produk-satuan/363-pas-003.jpg,Bustong Wanita - PAS 003,Rp 143.900,PAS 003,Baru
Jual Sepatu Sandal Wanita - L 488 Murah,sepatu-sandal-wanita-l-488,"
     <div class=""product-details""><!--product-details-->
      <div class=""col-sm-5"">
       <div class=""view-product"">
        <img src=""{{ page.image }}"" alt=""{{ page.product }}"" title=""{{ page.product }}"" />
        <h3><a style=""text-decoration: none; color: #ffffff"" href=""{{ page.image }}"" target=""_blank"" title=""Klik disini untuk memperbesar"">ZOOM</a></h3>
       </div>
      </div>

      <div class=""col-sm-7"">
       <div class=""product-information""><!--/product-information-->
        <h1>{{ page.product }}</h1>
        <p>SKU: {{ page.sku }}</p>
        <img src=""{{ site.url }}/img/rating.png"" alt=""rating"" title=""rating"" /><br>
        <span>
         <span>{{ page.price }}</span>        
         <label>Stok:<a href=""http://stok.lipatan.com"" target=""_blank"" title=""Cek Stok"">
          <script type=""text/javascript"">
          <!--
          document.write(unescape('%3c%62%75%74%74%6f%6e%20%74%79%70%65%3d%22%62%75%74%74%6f%6e%22%20%63%6c%61%73%73%3d%22%62%74%6e%20%62%74%6e%2d%66%65%66%61%75%6c%74%20%63%61%72%74%22%3e%09%09%09%09%09%09%09%09%09%09%3c%69%20%63%6c%61%73%73%3d%22%66%61%20%66%61%2d%73%68%6f%70%70%69%6e%67%2d%63%61%72%74%22%3e%3c%2f%69%3e%09%09%09%09%09%09%09%09%09%09%43%65%6b%20%53%74%6f%6b%3c%2f%62%75%74%74%6f%6e%3e'));
          //-->
          </script>
          </a>
         </label>
        </span>
        <p><b>Kondisi:</b> {{ page.kondisi }}</p>
        <p><b>Deskripsi:</b> {{ page.description }}</p>
        {% include buy.html %}
       </div><!--/product-information-->
      </div>
     </div><!--/product-details-->
     
     <div class=""category-tab shop-details-tab""><!--category-tab-->
      <div class=""col-sm-12"">
       <ul class=""nav nav-tabs"">
        <li class=""active""><a href=""{{ site.url }}{{ page.url }}#keterangan"" data-toggle=""tab"" title=""Keterangan"">Keterangan</a></li>        
       </ul>
      </div>
      <div class=""tab-content"">
       <div class=""tab-pane fade active in"" id=""keterangan"" >
        <div class=""col-sm-12"">
         <h2>{{ page.product }}</h2>         
         <ol class=""breadcrumb"">
            <li class=""active"">Tag :</li>
            <li><a href=""{{ site.url }}/{{ page.jenis }}"" title=""{{ page.jenis }}"">{{ page.jenis }}</a></li>
            <li><a href=""{{ site.url }}/{{ page.brand }}"" title=""{{ page.brand }}"">{{ page.brand }}</a></li>  
         </ol>         
         <p>Tampil trendy dengan Sepatu Sandal Wanita merek Garsel Shoes. Brand fashion asal Bandung. Cocok untuk hadiah orang yang Anda sayangi agar terlihat lebih gaya, tampil berbeda dan percaya diri. Sepatu Sandal Wanita - L 488 dengan bahan SYNTH ini dijamin awet.<br/>Kode : L 488<br/>Warna : CRECKL<br/>Bahan : SYNTH<br/>Ukuran : 36 - 40<br/>Berat : 0.72 kg<br/>Heels : 2 cm<br>
         </p>

         <p style=""background-color: #5cb85c; color: #ffffff; padding: 5px; text-align: center; display: inline-block; box-shadow: 0 1px 3px rgba(0,0,0,0.12), 0 1px 2px rgba(0,0,0,0.24);"">
         ID Penjual : BDRS<br>
         Lokasi : Bandung</p>

         {% include share.html %}

         {% include disqus.html %}
         
        </div>
       </div>       
       
      </div>
     </div><!--/category-tab-->",2017-02-07,html,sepatu-sandal-wanita,garsel-shoes,sepatu-sandal-wanita,garsel-shoes,"Sepatu Sandal Wanita Bahan SYNTH, Ukuran 36 - 40, Warna CRECKL",https://images.lipatan.com/katalog-garsel-shoes-2016/foto-satuan/l-488.jpg,Sepatu Sandal Wanita - L 488,Rp 144.900,L 488,Baru
Jual Sepatu Sandal Wanita - L 489 Murah,sepatu-sandal-wanita-l-489,"
     <div class=""product-details""><!--product-details-->
      <div class=""col-sm-5"">
       <div class=""view-product"">
        <img src=""{{ page.image }}"" alt=""{{ page.product }}"" title=""{{ page.product }}"" />
        <h3><a style=""text-decoration: none; color: #ffffff"" href=""{{ page.image }}"" target=""_blank"" title=""Klik disini untuk memperbesar"">ZOOM</a></h3>
       </div>
      </div>

      <div class=""col-sm-7"">
       <div class=""product-information""><!--/product-information-->
        <h1>{{ page.product }}</h1>
        <p>SKU: {{ page.sku }}</p>
        <img src=""{{ site.url }}/img/rating.png"" alt=""rating"" title=""rating"" /><br>
        <span>
         <span>{{ page.price }}</span>        
         <label>Stok:<a href=""http://stok.lipatan.com"" target=""_blank"" title=""Cek Stok"">
          <script type=""text/javascript"">
          <!--
          document.write(unescape('%3c%62%75%74%74%6f%6e%20%74%79%70%65%3d%22%62%75%74%74%6f%6e%22%20%63%6c%61%73%73%3d%22%62%74%6e%20%62%74%6e%2d%66%65%66%61%75%6c%74%20%63%61%72%74%22%3e%09%09%09%09%09%09%09%09%09%09%3c%69%20%63%6c%61%73%73%3d%22%66%61%20%66%61%2d%73%68%6f%70%70%69%6e%67%2d%63%61%72%74%22%3e%3c%2f%69%3e%09%09%09%09%09%09%09%09%09%09%43%65%6b%20%53%74%6f%6b%3c%2f%62%75%74%74%6f%6e%3e'));
          //-->
          </script>
          </a>
         </label>
        </span>
        <p><b>Kondisi:</b> {{ page.kondisi }}</p>
        <p><b>Deskripsi:</b> {{ page.description }}</p>
        {% include buy.html %}
       </div><!--/product-information-->
      </div>
     </div><!--/product-details-->
     
     <div class=""category-tab shop-details-tab""><!--category-tab-->
      <div class=""col-sm-12"">
       <ul class=""nav nav-tabs"">
        <li class=""active""><a href=""{{ site.url }}{{ page.url }}#keterangan"" data-toggle=""tab"" title=""Keterangan"">Keterangan</a></li>        
       </ul>
      </div>
      <div class=""tab-content"">
       <div class=""tab-pane fade active in"" id=""keterangan"" >
        <div class=""col-sm-12"">
         <h2>{{ page.product }}</h2>         
         <ol class=""breadcrumb"">
            <li class=""active"">Tag :</li>
            <li><a href=""{{ site.url }}/{{ page.jenis }}"" title=""{{ page.jenis }}"">{{ page.jenis }}</a></li>
            <li><a href=""{{ site.url }}/{{ page.brand }}"" title=""{{ page.brand }}"">{{ page.brand }}</a></li>  
         </ol>         
         <p>Tampil trendy dengan Sepatu Sandal Wanita merek Garsel Shoes. Brand fashion asal Bandung. Cocok untuk hadiah orang yang Anda sayangi agar terlihat lebih gaya, tampil berbeda dan percaya diri. Sepatu Sandal Wanita - L 489 dengan bahan SYNTH ini dijamin awet.<br/>Kode : L 489<br/>Warna : HTMKOM<br/>Bahan : SYNTH<br/>Ukuran : 36 - 40<br/>Berat : 0.72 kg<br/>Heels : 2 cm<br>
         </p>

         <p style=""background-color: #5cb85c; color: #ffffff; padding: 5px; text-align: center; display: inline-block; box-shadow: 0 1px 3px rgba(0,0,0,0.12), 0 1px 2px rgba(0,0,0,0.24);"">
         ID Penjual : BDRS<br>
         Lokasi : Bandung</p>

         {% include share.html %}

         {% include disqus.html %}
         
        </div>
       </div>       
       
      </div>
     </div><!--/category-tab-->",2017-02-07,html,sepatu-sandal-wanita,garsel-shoes,sepatu-sandal-wanita,garsel-shoes,"Sepatu Sandal Wanita Bahan SYNTH, Ukuran 36 - 40, Warna HTMKOM",https://images.lipatan.com/katalog-garsel-shoes-2016/foto-satuan/l-489.jpg,Sepatu Sandal Wanita - L 489,Rp 133.900,L 489,Baru
Jual Sepatu Sandal Wanita - L 490 Murah,sepatu-sandal-wanita-l-490,"
     <div class=""product-details""><!--product-details-->
      <div class=""col-sm-5"">
       <div class=""view-product"">
        <img src=""{{ page.image }}"" alt=""{{ page.product }}"" title=""{{ page.product }}"" />
        <h3><a style=""text-decoration: none; color: #ffffff"" href=""{{ page.image }}"" target=""_blank"" title=""Klik disini untuk memperbesar"">ZOOM</a></h3>
       </div>
      </div>

      <div class=""col-sm-7"">
       <div class=""product-information""><!--/product-information-->
        <h1>{{ page.product }}</h1>
        <p>SKU: {{ page.sku }}</p>
        <img src=""{{ site.url }}/img/rating.png"" alt=""rating"" title=""rating"" /><br>
        <span>
         <span>{{ page.price }}</span>        
         <label>Stok:<a href=""http://stok.lipatan.com"" target=""_blank"" title=""Cek Stok"">
          <script type=""text/javascript"">
          <!--
          document.write(unescape('%3c%62%75%74%74%6f%6e%20%74%79%70%65%3d%22%62%75%74%74%6f%6e%22%20%63%6c%61%73%73%3d%22%62%74%6e%20%62%74%6e%2d%66%65%66%61%75%6c%74%20%63%61%72%74%22%3e%09%09%09%09%09%09%09%09%09%09%3c%69%20%63%6c%61%73%73%3d%22%66%61%20%66%61%2d%73%68%6f%70%70%69%6e%67%2d%63%61%72%74%22%3e%3c%2f%69%3e%09%09%09%09%09%09%09%09%09%09%43%65%6b%20%53%74%6f%6b%3c%2f%62%75%74%74%6f%6e%3e'));
          //-->
          </script>
          </a>
         </label>
        </span>
        <p><b>Kondisi:</b> {{ page.kondisi }}</p>
        <p><b>Deskripsi:</b> {{ page.description }}</p>
        {% include buy.html %}
       </div><!--/product-information-->
      </div>
     </div><!--/product-details-->
     
     <div class=""category-tab shop-details-tab""><!--category-tab-->
      <div class=""col-sm-12"">
       <ul class=""nav nav-tabs"">
        <li class=""active""><a href=""{{ site.url }}{{ page.url }}#keterangan"" data-toggle=""tab"" title=""Keterangan"">Keterangan</a></li>        
       </ul>
      </div>
      <div class=""tab-content"">
       <div class=""tab-pane fade active in"" id=""keterangan"" >
        <div class=""col-sm-12"">
         <h2>{{ page.product }}</h2>         
         <ol class=""breadcrumb"">
            <li class=""active"">Tag :</li>
            <li><a href=""{{ site.url }}/{{ page.jenis }}"" title=""{{ page.jenis }}"">{{ page.jenis }}</a></li>
            <li><a href=""{{ site.url }}/{{ page.brand }}"" title=""{{ page.brand }}"">{{ page.brand }}</a></li>  
         </ol>         
         <p>Tampil trendy dengan Sepatu Sandal Wanita merek Garsel Shoes. Brand fashion asal Bandung. Cocok untuk hadiah orang yang Anda sayangi agar terlihat lebih gaya, tampil berbeda dan percaya diri. Sepatu Sandal Wanita - L 490 dengan bahan SYNTH ini dijamin awet.<br/>Kode : L 490<br/>Warna : COKLAT<br/>Bahan : SYNTH<br/>Ukuran : 36 - 40<br/>Berat : 0.72 kg<br/>Heels : 2 cm<br>
         </p>

         <p style=""background-color: #5cb85c; color: #ffffff; padding: 5px; text-align: center; display: inline-block; box-shadow: 0 1px 3px rgba(0,0,0,0.12), 0 1px 2px rgba(0,0,0,0.24);"">
         ID Penjual : BDRS<br>
         Lokasi : Bandung</p>

         {% include share.html %}

         {% include disqus.html %}
         
        </div>
       </div>       
       
      </div>
     </div><!--/category-tab-->",2017-02-07,html,sepatu-sandal-wanita,garsel-shoes,sepatu-sandal-wanita,garsel-shoes,"Sepatu Sandal Wanita Bahan SYNTH, Ukuran 36 - 40, Warna COKLAT",https://images.lipatan.com/katalog-garsel-shoes-2016/foto-satuan/l-490.jpg,Sepatu Sandal Wanita - L 490,Rp 133.900,L 490,Baru
Jual Sepatu Sandal Wanita - L 491 Murah,sepatu-sandal-wanita-l-491,"
     <div class=""product-details""><!--product-details-->
      <div class=""col-sm-5"">
       <div class=""view-product"">
        <img src=""{{ page.image }}"" alt=""{{ page.product }}"" title=""{{ page.product }}"" />
        <h3><a style=""text-decoration: none; color: #ffffff"" href=""{{ page.image }}"" target=""_blank"" title=""Klik disini untuk memperbesar"">ZOOM</a></h3>
       </div>
      </div>

      <div class=""col-sm-7"">
       <div class=""product-information""><!--/product-information-->
        <h1>{{ page.product }}</h1>
        <p>SKU: {{ page.sku }}</p>
        <img src=""{{ site.url }}/img/rating.png"" alt=""rating"" title=""rating"" /><br>
        <span>
         <span>{{ page.price }}</span>        
         <label>Stok:<a href=""http://stok.lipatan.com"" target=""_blank"" title=""Cek Stok"">
          <script type=""text/javascript"">
          <!--
          document.write(unescape('%3c%62%75%74%74%6f%6e%20%74%79%70%65%3d%22%62%75%74%74%6f%6e%22%20%63%6c%61%73%73%3d%22%62%74%6e%20%62%74%6e%2d%66%65%66%61%75%6c%74%20%63%61%72%74%22%3e%09%09%09%09%09%09%09%09%09%09%3c%69%20%63%6c%61%73%73%3d%22%66%61%20%66%61%2d%73%68%6f%70%70%69%6e%67%2d%63%61%72%74%22%3e%3c%2f%69%3e%09%09%09%09%09%09%09%09%09%09%43%65%6b%20%53%74%6f%6b%3c%2f%62%75%74%74%6f%6e%3e'));
          //-->
          </script>
          </a>
         </label>
        </span>
        <p><b>Kondisi:</b> {{ page.kondisi }}</p>
        <p><b>Deskripsi:</b> {{ page.description }}</p>
        {% include buy.html %}
       </div><!--/product-information-->
      </div>
     </div><!--/product-details-->
     
     <div class=""category-tab shop-details-tab""><!--category-tab-->
      <div class=""col-sm-12"">
       <ul class=""nav nav-tabs"">
        <li class=""active""><a href=""{{ site.url }}{{ page.url }}#keterangan"" data-toggle=""tab"" title=""Keterangan"">Keterangan</a></li>        
       </ul>
      </div>
      <div class=""tab-content"">
       <div class=""tab-pane fade active in"" id=""keterangan"" >
        <div class=""col-sm-12"">
         <h2>{{ page.product }}</h2>         
         <ol class=""breadcrumb"">
            <li class=""active"">Tag :</li>
            <li><a href=""{{ site.url }}/{{ page.jenis }}"" title=""{{ page.jenis }}"">{{ page.jenis }}</a></li>
            <li><a href=""{{ site.url }}/{{ page.brand }}"" title=""{{ page.brand }}"">{{ page.brand }}</a></li>  
         </ol>         
         <p>Tampil trendy dengan Sepatu Sandal Wanita merek Garsel Shoes. Brand fashion asal Bandung. Cocok untuk hadiah orang yang Anda sayangi agar terlihat lebih gaya, tampil berbeda dan percaya diri. Sepatu Sandal Wanita - L 491 dengan bahan SYNTH ini dijamin awet.<br/>Kode : L 491<br/>Warna : HITAM<br/>Bahan : SYNTH<br/>Ukuran : 36 - 40<br/>Berat : 0.72 kg<br/>Heels : 4 cm<br>
         </p>

         <p style=""background-color: #5cb85c; color: #ffffff; padding: 5px; text-align: center; display: inline-block; box-shadow: 0 1px 3px rgba(0,0,0,0.12), 0 1px 2px rgba(0,0,0,0.24);"">
         ID Penjual : BDRS<br>
         Lokasi : Bandung</p>

         {% include share.html %}

         {% include disqus.html %}
         
        </div>
       </div>       
       
      </div>
     </div><!--/category-tab-->",2017-02-07,html,sepatu-sandal-wanita,garsel-shoes,sepatu-sandal-wanita,garsel-shoes,"Sepatu Sandal Wanita Bahan SYNTH, Ukuran 36 - 40, Warna HITAM",https://images.lipatan.com/katalog-garsel-shoes-2016/foto-satuan/l-491.jpg,Sepatu Sandal Wanita - L 491,Rp 180.900,L 491,Baru
Jual Sepatu Sandal Wanita - L 492 Murah,sepatu-sandal-wanita-l-492,"
     <div class=""product-details""><!--product-details-->
      <div class=""col-sm-5"">
       <div class=""view-product"">
        <img src=""{{ page.image }}"" alt=""{{ page.product }}"" title=""{{ page.product }}"" />
        <h3><a style=""text-decoration: none; color: #ffffff"" href=""{{ page.image }}"" target=""_blank"" title=""Klik disini untuk memperbesar"">ZOOM</a></h3>
       </div>
      </div>

      <div class=""col-sm-7"">
       <div class=""product-information""><!--/product-information-->
        <h1>{{ page.product }}</h1>
        <p>SKU: {{ page.sku }}</p>
        <img src=""{{ site.url }}/img/rating.png"" alt=""rating"" title=""rating"" /><br>
        <span>
         <span>{{ page.price }}</span>        
         <label>Stok:<a href=""http://stok.lipatan.com"" target=""_blank"" title=""Cek Stok"">
          <script type=""text/javascript"">
          <!--
          document.write(unescape('%3c%62%75%74%74%6f%6e%20%74%79%70%65%3d%22%62%75%74%74%6f%6e%22%20%63%6c%61%73%73%3d%22%62%74%6e%20%62%74%6e%2d%66%65%66%61%75%6c%74%20%63%61%72%74%22%3e%09%09%09%09%09%09%09%09%09%09%3c%69%20%63%6c%61%73%73%3d%22%66%61%20%66%61%2d%73%68%6f%70%70%69%6e%67%2d%63%61%72%74%22%3e%3c%2f%69%3e%09%09%09%09%09%09%09%09%09%09%43%65%6b%20%53%74%6f%6b%3c%2f%62%75%74%74%6f%6e%3e'));
          //-->
          </script>
          </a>
         </label>
        </span>
        <p><b>Kondisi:</b> {{ page.kondisi }}</p>
        <p><b>Deskripsi:</b> {{ page.description }}</p>
        {% include buy.html %}
       </div><!--/product-information-->
      </div>
     </div><!--/product-details-->
     
     <div class=""category-tab shop-details-tab""><!--category-tab-->
      <div class=""col-sm-12"">
       <ul class=""nav nav-tabs"">
        <li class=""active""><a href=""{{ site.url }}{{ page.url }}#keterangan"" data-toggle=""tab"" title=""Keterangan"">Keterangan</a></li>        
       </ul>
      </div>
      <div class=""tab-content"">
       <div class=""tab-pane fade active in"" id=""keterangan"" >
        <div class=""col-sm-12"">
         <h2>{{ page.product }}</h2>         
         <ol class=""breadcrumb"">
            <li class=""active"">Tag :</li>
            <li><a href=""{{ site.url }}/{{ page.jenis }}"" title=""{{ page.jenis }}"">{{ page.jenis }}</a></li>
            <li><a href=""{{ site.url }}/{{ page.brand }}"" title=""{{ page.brand }}"">{{ page.brand }}</a></li>  
         </ol>         
         <p>Tampil trendy dengan Sepatu Sandal Wanita merek Garsel Shoes. Brand fashion asal Bandung. Cocok untuk hadiah orang yang Anda sayangi agar terlihat lebih gaya, tampil berbeda dan percaya diri. Sepatu Sandal Wanita - L 492 dengan bahan SUPER ini dijamin awet.<br/>Kode : L 492<br/>Warna : CKLMUDA<br/>Bahan : SUPER<br/>Ukuran : 36 - 40<br/>Berat : 0.72 kg<br/>Heels : 4 cm<br>
         </p>

         <p style=""background-color: #5cb85c; color: #ffffff; padding: 5px; text-align: center; display: inline-block; box-shadow: 0 1px 3px rgba(0,0,0,0.12), 0 1px 2px rgba(0,0,0,0.24);"">
         ID Penjual : BDRS<br>
         Lokasi : Bandung</p>

         {% include share.html %}

         {% include disqus.html %}
         
        </div>
       </div>       
       
      </div>
     </div><!--/category-tab-->",2017-02-07,html,sepatu-sandal-wanita,garsel-shoes,sepatu-sandal-wanita,garsel-shoes,"Sepatu Sandal Wanita Bahan SUPER, Ukuran 36 - 40, Warna CKLMUDA",https://images.lipatan.com/katalog-garsel-shoes-2016/foto-satuan/l-492.jpg,Sepatu Sandal Wanita - L 492,Rp 178.900,L 492,Baru
Jual Sepatu Sandal Wanita - L 493 Murah,sepatu-sandal-wanita-l-493,"
     <div class=""product-details""><!--product-details-->
      <div class=""col-sm-5"">
       <div class=""view-product"">
        <img src=""{{ page.image }}"" alt=""{{ page.product }}"" title=""{{ page.product }}"" />
        <h3><a style=""text-decoration: none; color: #ffffff"" href=""{{ page.image }}"" target=""_blank"" title=""Klik disini untuk memperbesar"">ZOOM</a></h3>
       </div>
      </div>

      <div class=""col-sm-7"">
       <div class=""product-information""><!--/product-information-->
        <h1>{{ page.product }}</h1>
        <p>SKU: {{ page.sku }}</p>
        <img src=""{{ site.url }}/img/rating.png"" alt=""rating"" title=""rating"" /><br>
        <span>
         <span>{{ page.price }}</span>        
         <label>Stok:<a href=""http://stok.lipatan.com"" target=""_blank"" title=""Cek Stok"">
          <script type=""text/javascript"">
          <!--
          document.write(unescape('%3c%62%75%74%74%6f%6e%20%74%79%70%65%3d%22%62%75%74%74%6f%6e%22%20%63%6c%61%73%73%3d%22%62%74%6e%20%62%74%6e%2d%66%65%66%61%75%6c%74%20%63%61%72%74%22%3e%09%09%09%09%09%09%09%09%09%09%3c%69%20%63%6c%61%73%73%3d%22%66%61%20%66%61%2d%73%68%6f%70%70%69%6e%67%2d%63%61%72%74%22%3e%3c%2f%69%3e%09%09%09%09%09%09%09%09%09%09%43%65%6b%20%53%74%6f%6b%3c%2f%62%75%74%74%6f%6e%3e'));
          //-->
          </script>
          </a>
         </label>
        </span>
        <p><b>Kondisi:</b> {{ page.kondisi }}</p>
        <p><b>Deskripsi:</b> {{ page.description }}</p>
        {% include buy.html %}
       </div><!--/product-information-->
      </div>
     </div><!--/product-details-->
     
     <div class=""category-tab shop-details-tab""><!--category-tab-->
      <div class=""col-sm-12"">
       <ul class=""nav nav-tabs"">
        <li class=""active""><a href=""{{ site.url }}{{ page.url }}#keterangan"" data-toggle=""tab"" title=""Keterangan"">Keterangan</a></li>        
       </ul>
      </div>
      <div class=""tab-content"">
       <div class=""tab-pane fade active in"" id=""keterangan"" >
        <div class=""col-sm-12"">
         <h2>{{ page.product }}</h2>         
         <ol class=""breadcrumb"">
            <li class=""active"">Tag :</li>
            <li><a href=""{{ site.url }}/{{ page.jenis }}"" title=""{{ page.jenis }}"">{{ page.jenis }}</a></li>
            <li><a href=""{{ site.url }}/{{ page.brand }}"" title=""{{ page.brand }}"">{{ page.brand }}</a></li>  
         </ol>         
         <p>Tampil trendy dengan Sepatu Sandal Wanita merek Garsel Shoes. Brand fashion asal Bandung. Cocok untuk hadiah orang yang Anda sayangi agar terlihat lebih gaya, tampil berbeda dan percaya diri. Sepatu Sandal Wanita - L 493 dengan bahan SUPER ini dijamin awet.<br/>Kode : L 493<br/>Warna : COKLAT<br/>Bahan : SUPER<br/>Ukuran : 36 - 40<br/>Berat : 0.72 kg<br/>Heels : 4 cm<br>
         </p>

         <p style=""background-color: #5cb85c; color: #ffffff; padding: 5px; text-align: center; display: inline-block; box-shadow: 0 1px 3px rgba(0,0,0,0.12), 0 1px 2px rgba(0,0,0,0.24);"">
         ID Penjual : BDRS<br>
         Lokasi : Bandung</p>

         {% include share.html %}

         {% include disqus.html %}
         
        </div>
       </div>       
       
      </div>
     </div><!--/category-tab-->",2017-02-07,html,sepatu-sandal-wanita,garsel-shoes,sepatu-sandal-wanita,garsel-shoes,"Sepatu Sandal Wanita Bahan SUPER, Ukuran 36 - 40, Warna COKLAT",https://images.lipatan.com/katalog-garsel-shoes-2016/foto-satuan/l-493.jpg,Sepatu Sandal Wanita - L 493,Rp 178.900,L 493,Baru
Jual Sepatu Sandal Wanita - L 494 Murah,sepatu-sandal-wanita-l-494,"
     <div class=""product-details""><!--product-details-->
      <div class=""col-sm-5"">
       <div class=""view-product"">
        <img src=""{{ page.image }}"" alt=""{{ page.product }}"" title=""{{ page.product }}"" />
        <h3><a style=""text-decoration: none; color: #ffffff"" href=""{{ page.image }}"" target=""_blank"" title=""Klik disini untuk memperbesar"">ZOOM</a></h3>
       </div>
      </div>

      <div class=""col-sm-7"">
       <div class=""product-information""><!--/product-information-->
        <h1>{{ page.product }}</h1>
        <p>SKU: {{ page.sku }}</p>
        <img src=""{{ site.url }}/img/rating.png"" alt=""rating"" title=""rating"" /><br>
        <span>
         <span>{{ page.price }}</span>        
         <label>Stok:<a href=""http://stok.lipatan.com"" target=""_blank"" title=""Cek Stok"">
          <script type=""text/javascript"">
          <!--
          document.write(unescape('%3c%62%75%74%74%6f%6e%20%74%79%70%65%3d%22%62%75%74%74%6f%6e%22%20%63%6c%61%73%73%3d%22%62%74%6e%20%62%74%6e%2d%66%65%66%61%75%6c%74%20%63%61%72%74%22%3e%09%09%09%09%09%09%09%09%09%09%3c%69%20%63%6c%61%73%73%3d%22%66%61%20%66%61%2d%73%68%6f%70%70%69%6e%67%2d%63%61%72%74%22%3e%3c%2f%69%3e%09%09%09%09%09%09%09%09%09%09%43%65%6b%20%53%74%6f%6b%3c%2f%62%75%74%74%6f%6e%3e'));
          //-->
          </script>
          </a>
         </label>
        </span>
        <p><b>Kondisi:</b> {{ page.kondisi }}</p>
        <p><b>Deskripsi:</b> {{ page.description }}</p>
        {% include buy.html %}
       </div><!--/product-information-->
      </div>
     </div><!--/product-details-->
     
     <div class=""category-tab shop-details-tab""><!--category-tab-->
      <div class=""col-sm-12"">
       <ul class=""nav nav-tabs"">
        <li class=""active""><a href=""{{ site.url }}{{ page.url }}#keterangan"" data-toggle=""tab"" title=""Keterangan"">Keterangan</a></li>        
       </ul>
      </div>
      <div class=""tab-content"">
       <div class=""tab-pane fade active in"" id=""keterangan"" >
        <div class=""col-sm-12"">
         <h2>{{ page.product }}</h2>         
         <ol class=""breadcrumb"">
            <li class=""active"">Tag :</li>
            <li><a href=""{{ site.url }}/{{ page.jenis }}"" title=""{{ page.jenis }}"">{{ page.jenis }}</a></li>
            <li><a href=""{{ site.url }}/{{ page.brand }}"" title=""{{ page.brand }}"">{{ page.brand }}</a></li>  
         </ol>         
         <p>Tampil trendy dengan Sepatu Sandal Wanita merek Garsel Shoes. Brand fashion asal Bandung. Cocok untuk hadiah orang yang Anda sayangi agar terlihat lebih gaya, tampil berbeda dan percaya diri. Sepatu Sandal Wanita - L 494 dengan bahan SYNTH ini dijamin awet.<br/>Kode : L 494<br/>Warna : BIRMUDA<br/>Bahan : SYNTH<br/>Ukuran : 36 - 40<br/>Berat : 0.72 kg<br/>Heels : 6 cm<br>
         </p>

         <p style=""background-color: #5cb85c; color: #ffffff; padding: 5px; text-align: center; display: inline-block; box-shadow: 0 1px 3px rgba(0,0,0,0.12), 0 1px 2px rgba(0,0,0,0.24);"">
         ID Penjual : BDRS<br>
         Lokasi : Bandung</p>

         {% include share.html %}

         {% include disqus.html %}
         
        </div>
       </div>       
       
      </div>
     </div><!--/category-tab-->",2017-02-07,html,sepatu-sandal-wanita,garsel-shoes,sepatu-sandal-wanita,garsel-shoes,"Sepatu Sandal Wanita Bahan SYNTH, Ukuran 36 - 40, Warna BIRMUDA",https://images.lipatan.com/katalog-garsel-shoes-2016/foto-satuan/l-494.jpg,Sepatu Sandal Wanita - L 494,Rp 141.900,L 494,Baru
Jual Sepatu Sandal Wanita - L 495 Murah,sepatu-sandal-wanita-l-495,"
     <div class=""product-details""><!--product-details-->
      <div class=""col-sm-5"">
       <div class=""view-product"">
        <img src=""{{ page.image }}"" alt=""{{ page.product }}"" title=""{{ page.product }}"" />
        <h3><a style=""text-decoration: none; color: #ffffff"" href=""{{ page.image }}"" target=""_blank"" title=""Klik disini untuk memperbesar"">ZOOM</a></h3>
       </div>
      </div>

      <div class=""col-sm-7"">
       <div class=""product-information""><!--/product-information-->
        <h1>{{ page.product }}</h1>
        <p>SKU: {{ page.sku }}</p>
        <img src=""{{ site.url }}/img/rating.png"" alt=""rating"" title=""rating"" /><br>
        <span>
         <span>{{ page.price }}</span>        
         <label>Stok:<a href=""http://stok.lipatan.com"" target=""_blank"" title=""Cek Stok"">
          <script type=""text/javascript"">
          <!--
          document.write(unescape('%3c%62%75%74%74%6f%6e%20%74%79%70%65%3d%22%62%75%74%74%6f%6e%22%20%63%6c%61%73%73%3d%22%62%74%6e%20%62%74%6e%2d%66%65%66%61%75%6c%74%20%63%61%72%74%22%3e%09%09%09%09%09%09%09%09%09%09%3c%69%20%63%6c%61%73%73%3d%22%66%61%20%66%61%2d%73%68%6f%70%70%69%6e%67%2d%63%61%72%74%22%3e%3c%2f%69%3e%09%09%09%09%09%09%09%09%09%09%43%65%6b%20%53%74%6f%6b%3c%2f%62%75%74%74%6f%6e%3e'));
          //-->
          </script>
          </a>
         </label>
        </span>
        <p><b>Kondisi:</b> {{ page.kondisi }}</p>
        <p><b>Deskripsi:</b> {{ page.description }}</p>
        {% include buy.html %}
       </div><!--/product-information-->
      </div>
     </div><!--/product-details-->
     
     <div class=""category-tab shop-details-tab""><!--category-tab-->
      <div class=""col-sm-12"">
       <ul class=""nav nav-tabs"">
        <li class=""active""><a href=""{{ site.url }}{{ page.url }}#keterangan"" data-toggle=""tab"" title=""Keterangan"">Keterangan</a></li>        
       </ul>
      </div>
      <div class=""tab-content"">
       <div class=""tab-pane fade active in"" id=""keterangan"" >
        <div class=""col-sm-12"">
         <h2>{{ page.product }}</h2>         
         <ol class=""breadcrumb"">
            <li class=""active"">Tag :</li>
            <li><a href=""{{ site.url }}/{{ page.jenis }}"" title=""{{ page.jenis }}"">{{ page.jenis }}</a></li>
            <li><a href=""{{ site.url }}/{{ page.brand }}"" title=""{{ page.brand }}"">{{ page.brand }}</a></li>  
         </ol>         
         <p>Tampil trendy dengan Sepatu Sandal Wanita merek Garsel Shoes. Brand fashion asal Bandung. Cocok untuk hadiah orang yang Anda sayangi agar terlihat lebih gaya, tampil berbeda dan percaya diri. Sepatu Sandal Wanita - L 495 dengan bahan SYNTH ini dijamin awet.<br/>Kode : L 495<br/>Warna : CREAM<br/>Bahan : SYNTH<br/>Ukuran : 36 - 40<br/>Berat : 0.72 kg<br/>Heels : 5 cm<br>
         </p>

         <p style=""background-color: #5cb85c; color: #ffffff; padding: 5px; text-align: center; display: inline-block; box-shadow: 0 1px 3px rgba(0,0,0,0.12), 0 1px 2px rgba(0,0,0,0.24);"">
         ID Penjual : BDRS<br>
         Lokasi : Bandung</p>

         {% include share.html %}

         {% include disqus.html %}
         
        </div>
       </div>       
       
      </div>
     </div><!--/category-tab-->",2017-02-07,html,sepatu-sandal-wanita,garsel-shoes,sepatu-sandal-wanita,garsel-shoes,"Sepatu Sandal Wanita Bahan SYNTH, Ukuran 36 - 40, Warna CREAM",https://images.lipatan.com/katalog-garsel-shoes-2016/foto-satuan/l-495.jpg,Sepatu Sandal Wanita - L 495,Rp 148.900,L 495,Baru
Jual Sepatu Sandal Wanita - L 496 Murah,sepatu-sandal-wanita-l-496,"
     <div class=""product-details""><!--product-details-->
      <div class=""col-sm-5"">
       <div class=""view-product"">
        <img src=""{{ page.image }}"" alt=""{{ page.product }}"" title=""{{ page.product }}"" />
        <h3><a style=""text-decoration: none; color: #ffffff"" href=""{{ page.image }}"" target=""_blank"" title=""Klik disini untuk memperbesar"">ZOOM</a></h3>
       </div>
      </div>

      <div class=""col-sm-7"">
       <div class=""product-information""><!--/product-information-->
        <h1>{{ page.product }}</h1>
        <p>SKU: {{ page.sku }}</p>
        <img src=""{{ site.url }}/img/rating.png"" alt=""rating"" title=""rating"" /><br>
        <span>
         <span>{{ page.price }}</span>        
         <label>Stok:<a href=""http://stok.lipatan.com"" target=""_blank"" title=""Cek Stok"">
          <script type=""text/javascript"">
          <!--
          document.write(unescape('%3c%62%75%74%74%6f%6e%20%74%79%70%65%3d%22%62%75%74%74%6f%6e%22%20%63%6c%61%73%73%3d%22%62%74%6e%20%62%74%6e%2d%66%65%66%61%75%6c%74%20%63%61%72%74%22%3e%09%09%09%09%09%09%09%09%09%09%3c%69%20%63%6c%61%73%73%3d%22%66%61%20%66%61%2d%73%68%6f%70%70%69%6e%67%2d%63%61%72%74%22%3e%3c%2f%69%3e%09%09%09%09%09%09%09%09%09%09%43%65%6b%20%53%74%6f%6b%3c%2f%62%75%74%74%6f%6e%3e'));
          //-->
          </script>
          </a>
         </label>
        </span>
        <p><b>Kondisi:</b> {{ page.kondisi }}</p>
        <p><b>Deskripsi:</b> {{ page.description }}</p>
        {% include buy.html %}
       </div><!--/product-information-->
      </div>
     </div><!--/product-details-->
     
     <div class=""category-tab shop-details-tab""><!--category-tab-->
      <div class=""col-sm-12"">
       <ul class=""nav nav-tabs"">
        <li class=""active""><a href=""{{ site.url }}{{ page.url }}#keterangan"" data-toggle=""tab"" title=""Keterangan"">Keterangan</a></li>        
       </ul>
      </div>
      <div class=""tab-content"">
       <div class=""tab-pane fade active in"" id=""keterangan"" >
        <div class=""col-sm-12"">
         <h2>{{ page.product }}</h2>         
         <ol class=""breadcrumb"">
            <li class=""active"">Tag :</li>
            <li><a href=""{{ site.url }}/{{ page.jenis }}"" title=""{{ page.jenis }}"">{{ page.jenis }}</a></li>
            <li><a href=""{{ site.url }}/{{ page.brand }}"" title=""{{ page.brand }}"">{{ page.brand }}</a></li>  
         </ol>         
         <p>Tampil trendy dengan Sepatu Sandal Wanita merek Garsel Shoes. Brand fashion asal Bandung. Cocok untuk hadiah orang yang Anda sayangi agar terlihat lebih gaya, tampil berbeda dan percaya diri. Sepatu Sandal Wanita - L 496 dengan bahan SYNTH ini dijamin awet.<br/>Kode : L 496<br/>Warna : PTHHTM<br/>Bahan : SYNTH<br/>Ukuran : 36 - 40<br/>Berat : 0.72 kg<br/>Heels : 6 cm<br>
         </p>

         <p style=""background-color: #5cb85c; color: #ffffff; padding: 5px; text-align: center; display: inline-block; box-shadow: 0 1px 3px rgba(0,0,0,0.12), 0 1px 2px rgba(0,0,0,0.24);"">
         ID Penjual : BDRS<br>
         Lokasi : Bandung</p>

         {% include share.html %}

         {% include disqus.html %}
         
        </div>
       </div>       
       
      </div>
     </div><!--/category-tab-->",2017-02-07,html,sepatu-sandal-wanita,garsel-shoes,sepatu-sandal-wanita,garsel-shoes,"Sepatu Sandal Wanita Bahan SYNTH, Ukuran 36 - 40, Warna PTHHTM",https://images.lipatan.com/katalog-garsel-shoes-2016/foto-satuan/l-496.jpg,Sepatu Sandal Wanita - L 496,Rp 149.900,L 496,Baru
Jual Sepatu Sandal Wanita - L 497 Murah,sepatu-sandal-wanita-l-497,"
     <div class=""product-details""><!--product-details-->
      <div class=""col-sm-5"">
       <div class=""view-product"">
        <img src=""{{ page.image }}"" alt=""{{ page.product }}"" title=""{{ page.product }}"" />
        <h3><a style=""text-decoration: none; color: #ffffff"" href=""{{ page.image }}"" target=""_blank"" title=""Klik disini untuk memperbesar"">ZOOM</a></h3>
       </div>
      </div>

      <div class=""col-sm-7"">
       <div class=""product-information""><!--/product-information-->
        <h1>{{ page.product }}</h1>
        <p>SKU: {{ page.sku }}</p>
        <img src=""{{ site.url }}/img/rating.png"" alt=""rating"" title=""rating"" /><br>
        <span>
         <span>{{ page.price }}</span>        
         <label>Stok:<a href=""http://stok.lipatan.com"" target=""_blank"" title=""Cek Stok"">
          <script type=""text/javascript"">
          <!--
          document.write(unescape('%3c%62%75%74%74%6f%6e%20%74%79%70%65%3d%22%62%75%74%74%6f%6e%22%20%63%6c%61%73%73%3d%22%62%74%6e%20%62%74%6e%2d%66%65%66%61%75%6c%74%20%63%61%72%74%22%3e%09%09%09%09%09%09%09%09%09%09%3c%69%20%63%6c%61%73%73%3d%22%66%61%20%66%61%2d%73%68%6f%70%70%69%6e%67%2d%63%61%72%74%22%3e%3c%2f%69%3e%09%09%09%09%09%09%09%09%09%09%43%65%6b%20%53%74%6f%6b%3c%2f%62%75%74%74%6f%6e%3e'));
          //-->
          </script>
          </a>
         </label>
        </span>
        <p><b>Kondisi:</b> {{ page.kondisi }}</p>
        <p><b>Deskripsi:</b> {{ page.description }}</p>
        {% include buy.html %}
       </div><!--/product-information-->
      </div>
     </div><!--/product-details-->
     
     <div class=""category-tab shop-details-tab""><!--category-tab-->
      <div class=""col-sm-12"">
       <ul class=""nav nav-tabs"">
        <li class=""active""><a href=""{{ site.url }}{{ page.url }}#keterangan"" data-toggle=""tab"" title=""Keterangan"">Keterangan</a></li>        
       </ul>
      </div>
      <div class=""tab-content"">
       <div class=""tab-pane fade active in"" id=""keterangan"" >
        <div class=""col-sm-12"">
         <h2>{{ page.product }}</h2>         
         <ol class=""breadcrumb"">
            <li class=""active"">Tag :</li>
            <li><a href=""{{ site.url }}/{{ page.jenis }}"" title=""{{ page.jenis }}"">{{ page.jenis }}</a></li>
            <li><a href=""{{ site.url }}/{{ page.brand }}"" title=""{{ page.brand }}"">{{ page.brand }}</a></li>  
         </ol>         
         <p>Tampil trendy dengan Sepatu Sandal Wanita merek Garsel Shoes. Brand fashion asal Bandung. Cocok untuk hadiah orang yang Anda sayangi agar terlihat lebih gaya, tampil berbeda dan percaya diri. Sepatu Sandal Wanita - L 497 dengan bahan SYNTH ini dijamin awet.<br/>Kode : L 497<br/>Warna : CKLMUDA<br/>Bahan : SYNTH<br/>Ukuran : 36 - 40<br/>Berat : 0.72 kg<br/>Heels : 3 cm<br>
         </p>

         <p style=""background-color: #5cb85c; color: #ffffff; padding: 5px; text-align: center; display: inline-block; box-shadow: 0 1px 3px rgba(0,0,0,0.12), 0 1px 2px rgba(0,0,0,0.24);"">
         ID Penjual : BDRS<br>
         Lokasi : Bandung</p>

         {% include share.html %}

         {% include disqus.html %}
         
        </div>
       </div>       
       
      </div>
     </div><!--/category-tab-->",2017-02-07,html,sepatu-sandal-wanita,garsel-shoes,sepatu-sandal-wanita,garsel-shoes,"Sepatu Sandal Wanita Bahan SYNTH, Ukuran 36 - 40, Warna CKLMUDA",https://images.lipatan.com/katalog-garsel-shoes-2016/foto-satuan/l-497.jpg,Sepatu Sandal Wanita - L 497,Rp 145.900,L 497,Baru
Jual Sepatu Sandal Wanita - L 498 Murah,sepatu-sandal-wanita-l-498,"
     <div class=""product-details""><!--product-details-->
      <div class=""col-sm-5"">
       <div class=""view-product"">
        <img src=""{{ page.image }}"" alt=""{{ page.product }}"" title=""{{ page.product }}"" />
        <h3><a style=""text-decoration: none; color: #ffffff"" href=""{{ page.image }}"" target=""_blank"" title=""Klik disini untuk memperbesar"">ZOOM</a></h3>
       </div>
      </div>

      <div class=""col-sm-7"">
       <div class=""product-information""><!--/product-information-->
        <h1>{{ page.product }}</h1>
        <p>SKU: {{ page.sku }}</p>
        <img src=""{{ site.url }}/img/rating.png"" alt=""rating"" title=""rating"" /><br>
        <span>
         <span>{{ page.price }}</span>        
         <label>Stok:<a href=""http://stok.lipatan.com"" target=""_blank"" title=""Cek Stok"">
          <script type=""text/javascript"">
          <!--
          document.write(unescape('%3c%62%75%74%74%6f%6e%20%74%79%70%65%3d%22%62%75%74%74%6f%6e%22%20%63%6c%61%73%73%3d%22%62%74%6e%20%62%74%6e%2d%66%65%66%61%75%6c%74%20%63%61%72%74%22%3e%09%09%09%09%09%09%09%09%09%09%3c%69%20%63%6c%61%73%73%3d%22%66%61%20%66%61%2d%73%68%6f%70%70%69%6e%67%2d%63%61%72%74%22%3e%3c%2f%69%3e%09%09%09%09%09%09%09%09%09%09%43%65%6b%20%53%74%6f%6b%3c%2f%62%75%74%74%6f%6e%3e'));
          //-->
          </script>
          </a>
         </label>
        </span>
        <p><b>Kondisi:</b> {{ page.kondisi }}</p>
        <p><b>Deskripsi:</b> {{ page.description }}</p>
        {% include buy.html %}
       </div><!--/product-information-->
      </div>
     </div><!--/product-details-->
     
     <div class=""category-tab shop-details-tab""><!--category-tab-->
      <div class=""col-sm-12"">
       <ul class=""nav nav-tabs"">
        <li class=""active""><a href=""{{ site.url }}{{ page.url }}#keterangan"" data-toggle=""tab"" title=""Keterangan"">Keterangan</a></li>        
       </ul>
      </div>
      <div class=""tab-content"">
       <div class=""tab-pane fade active in"" id=""keterangan"" >
        <div class=""col-sm-12"">
         <h2>{{ page.product }}</h2>         
         <ol class=""breadcrumb"">
            <li class=""active"">Tag :</li>
            <li><a href=""{{ site.url }}/{{ page.jenis }}"" title=""{{ page.jenis }}"">{{ page.jenis }}</a></li>
            <li><a href=""{{ site.url }}/{{ page.brand }}"" title=""{{ page.brand }}"">{{ page.brand }}</a></li>  
         </ol>         
         <p>Tampil trendy dengan Sepatu Sandal Wanita merek Garsel Shoes. Brand fashion asal Bandung. Cocok untuk hadiah orang yang Anda sayangi agar terlihat lebih gaya, tampil berbeda dan percaya diri. Sepatu Sandal Wanita - L 498 dengan bahan SYNTH ini dijamin awet.<br/>Kode : L 498<br/>Warna : PINK<br/>Bahan : SYNTH<br/>Ukuran : 36 - 40<br/>Berat : 0.72 kg<br/>Heels : 2 cm<br>
         </p>

         <p style=""background-color: #5cb85c; color: #ffffff; padding: 5px; text-align: center; display: inline-block; box-shadow: 0 1px 3px rgba(0,0,0,0.12), 0 1px 2px rgba(0,0,0,0.24);"">
         ID Penjual : BDRS<br>
         Lokasi : Bandung</p>

         {% include share.html %}

         {% include disqus.html %}
         
        </div>
       </div>       
       
      </div>
     </div><!--/category-tab-->",2017-02-07,html,sepatu-sandal-wanita,garsel-shoes,sepatu-sandal-wanita,garsel-shoes,"Sepatu Sandal Wanita Bahan SYNTH, Ukuran 36 - 40, Warna PINK",https://images.lipatan.com/katalog-garsel-shoes-2016/foto-satuan/l-498.jpg,Sepatu Sandal Wanita - L 498,Rp 139.900,L 498,Baru
Jual Sepatu Sandal Wanita - L 499 Murah,sepatu-sandal-wanita-l-499,"
     <div class=""product-details""><!--product-details-->
      <div class=""col-sm-5"">
       <div class=""view-product"">
        <img src=""{{ page.image }}"" alt=""{{ page.product }}"" title=""{{ page.product }}"" />
        <h3><a style=""text-decoration: none; color: #ffffff"" href=""{{ page.image }}"" target=""_blank"" title=""Klik disini untuk memperbesar"">ZOOM</a></h3>
       </div>
      </div>

      <div class=""col-sm-7"">
       <div class=""product-information""><!--/product-information-->
        <h1>{{ page.product }}</h1>
        <p>SKU: {{ page.sku }}</p>
        <img src=""{{ site.url }}/img/rating.png"" alt=""rating"" title=""rating"" /><br>
        <span>
         <span>{{ page.price }}</span>        
         <label>Stok:<a href=""http://stok.lipatan.com"" target=""_blank"" title=""Cek Stok"">
          <script type=""text/javascript"">
          <!--
          document.write(unescape('%3c%62%75%74%74%6f%6e%20%74%79%70%65%3d%22%62%75%74%74%6f%6e%22%20%63%6c%61%73%73%3d%22%62%74%6e%20%62%74%6e%2d%66%65%66%61%75%6c%74%20%63%61%72%74%22%3e%09%09%09%09%09%09%09%09%09%09%3c%69%20%63%6c%61%73%73%3d%22%66%61%20%66%61%2d%73%68%6f%70%70%69%6e%67%2d%63%61%72%74%22%3e%3c%2f%69%3e%09%09%09%09%09%09%09%09%09%09%43%65%6b%20%53%74%6f%6b%3c%2f%62%75%74%74%6f%6e%3e'));
          //-->
          </script>
          </a>
         </label>
        </span>
        <p><b>Kondisi:</b> {{ page.kondisi }}</p>
        <p><b>Deskripsi:</b> {{ page.description }}</p>
        {% include buy.html %}
       </div><!--/product-information-->
      </div>
     </div><!--/product-details-->
     
     <div class=""category-tab shop-details-tab""><!--category-tab-->
      <div class=""col-sm-12"">
       <ul class=""nav nav-tabs"">
        <li class=""active""><a href=""{{ site.url }}{{ page.url }}#keterangan"" data-toggle=""tab"" title=""Keterangan"">Keterangan</a></li>        
       </ul>
      </div>
      <div class=""tab-content"">
       <div class=""tab-pane fade active in"" id=""keterangan"" >
        <div class=""col-sm-12"">
         <h2>{{ page.product }}</h2>         
         <ol class=""breadcrumb"">
            <li class=""active"">Tag :</li>
            <li><a href=""{{ site.url }}/{{ page.jenis }}"" title=""{{ page.jenis }}"">{{ page.jenis }}</a></li>
            <li><a href=""{{ site.url }}/{{ page.brand }}"" title=""{{ page.brand }}"">{{ page.brand }}</a></li>  
         </ol>         
         <p>Tampil trendy dengan Sepatu Sandal Wanita merek Garsel Shoes. Brand fashion asal Bandung. Cocok untuk hadiah orang yang Anda sayangi agar terlihat lebih gaya, tampil berbeda dan percaya diri. Sepatu Sandal Wanita - L 499 dengan bahan SYNTH ini dijamin awet.<br/>Kode : L 499<br/>Warna : TAN<br/>Bahan : SYNTH<br/>Ukuran : 36 - 40<br/>Berat : 0.72 kg<br/>Heels : 2 cm<br>
         </p>

         <p style=""background-color: #5cb85c; color: #ffffff; padding: 5px; text-align: center; display: inline-block; box-shadow: 0 1px 3px rgba(0,0,0,0.12), 0 1px 2px rgba(0,0,0,0.24);"">
         ID Penjual : BDRS<br>
         Lokasi : Bandung</p>

         {% include share.html %}

         {% include disqus.html %}
         
        </div>
       </div>       
       
      </div>
     </div><!--/category-tab-->",2017-02-07,html,sepatu-sandal-wanita,garsel-shoes,sepatu-sandal-wanita,garsel-shoes,"Sepatu Sandal Wanita Bahan SYNTH, Ukuran 36 - 40, Warna TAN",https://images.lipatan.com/katalog-garsel-shoes-2016/foto-satuan/l-499.jpg,Sepatu Sandal Wanita - L 499,Rp 142.900,L 499,Baru
Jual Sepatu Sandal Wanita - L 500 Murah,sepatu-sandal-wanita-l-500,"
     <div class=""product-details""><!--product-details-->
      <div class=""col-sm-5"">
       <div class=""view-product"">
        <img src=""{{ page.image }}"" alt=""{{ page.product }}"" title=""{{ page.product }}"" />
        <h3><a style=""text-decoration: none; color: #ffffff"" href=""{{ page.image }}"" target=""_blank"" title=""Klik disini untuk memperbesar"">ZOOM</a></h3>
       </div>
      </div>

      <div class=""col-sm-7"">
       <div class=""product-information""><!--/product-information-->
        <h1>{{ page.product }}</h1>
        <p>SKU: {{ page.sku }}</p>
        <img src=""{{ site.url }}/img/rating.png"" alt=""rating"" title=""rating"" /><br>
        <span>
         <span>{{ page.price }}</span>        
         <label>Stok:<a href=""http://stok.lipatan.com"" target=""_blank"" title=""Cek Stok"">
          <script type=""text/javascript"">
          <!--
          document.write(unescape('%3c%62%75%74%74%6f%6e%20%74%79%70%65%3d%22%62%75%74%74%6f%6e%22%20%63%6c%61%73%73%3d%22%62%74%6e%20%62%74%6e%2d%66%65%66%61%75%6c%74%20%63%61%72%74%22%3e%09%09%09%09%09%09%09%09%09%09%3c%69%20%63%6c%61%73%73%3d%22%66%61%20%66%61%2d%73%68%6f%70%70%69%6e%67%2d%63%61%72%74%22%3e%3c%2f%69%3e%09%09%09%09%09%09%09%09%09%09%43%65%6b%20%53%74%6f%6b%3c%2f%62%75%74%74%6f%6e%3e'));
          //-->
          </script>
          </a>
         </label>
        </span>
        <p><b>Kondisi:</b> {{ page.kondisi }}</p>
        <p><b>Deskripsi:</b> {{ page.description }}</p>
        {% include buy.html %}
       </div><!--/product-information-->
      </div>
     </div><!--/product-details-->
     
     <div class=""category-tab shop-details-tab""><!--category-tab-->
      <div class=""col-sm-12"">
       <ul class=""nav nav-tabs"">
        <li class=""active""><a href=""{{ site.url }}{{ page.url }}#keterangan"" data-toggle=""tab"" title=""Keterangan"">Keterangan</a></li>        
       </ul>
      </div>
      <div class=""tab-content"">
       <div class=""tab-pane fade active in"" id=""keterangan"" >
        <div class=""col-sm-12"">
         <h2>{{ page.product }}</h2>         
         <ol class=""breadcrumb"">
            <li class=""active"">Tag :</li>
            <li><a href=""{{ site.url }}/{{ page.jenis }}"" title=""{{ page.jenis }}"">{{ page.jenis }}</a></li>
            <li><a href=""{{ site.url }}/{{ page.brand }}"" title=""{{ page.brand }}"">{{ page.brand }}</a></li>  
         </ol>         
         <p>Tampil trendy dengan Sepatu Sandal Wanita merek Garsel Shoes. Brand fashion asal Bandung. Cocok untuk hadiah orang yang Anda sayangi agar terlihat lebih gaya, tampil berbeda dan percaya diri. Sepatu Sandal Wanita - L 500 dengan bahan SYNTH ini dijamin awet.<br/>Kode : L 500<br/>Warna : CKLMUDA<br/>Bahan : SYNTH<br/>Ukuran : 36 - 40<br/>Berat : 0.72 kg<br/>Heels : 3 cm<br>
         </p>

         <p style=""background-color: #5cb85c; color: #ffffff; padding: 5px; text-align: center; display: inline-block; box-shadow: 0 1px 3px rgba(0,0,0,0.12), 0 1px 2px rgba(0,0,0,0.24);"">
         ID Penjual : BDRS<br>
         Lokasi : Bandung</p>

         {% include share.html %}

         {% include disqus.html %}
         
        </div>
       </div>       
       
      </div>
     </div><!--/category-tab-->",2017-02-07,html,sepatu-sandal-wanita,garsel-shoes,sepatu-sandal-wanita,garsel-shoes,"Sepatu Sandal Wanita Bahan SYNTH, Ukuran 36 - 40, Warna CKLMUDA",https://images.lipatan.com/katalog-garsel-shoes-2016/foto-satuan/l-500.jpg,Sepatu Sandal Wanita - L 500,Rp 148.900,L 500,Baru
Jual Sepatu Sandal Wanita - L 501 Murah,sepatu-sandal-wanita-l-501,"
     <div class=""product-details""><!--product-details-->
      <div class=""col-sm-5"">
       <div class=""view-product"">
        <img src=""{{ page.image }}"" alt=""{{ page.product }}"" title=""{{ page.product }}"" />
        <h3><a style=""text-decoration: none; color: #ffffff"" href=""{{ page.image }}"" target=""_blank"" title=""Klik disini untuk memperbesar"">ZOOM</a></h3>
       </div>
      </div>

      <div class=""col-sm-7"">
       <div class=""product-information""><!--/product-information-->
        <h1>{{ page.product }}</h1>
        <p>SKU: {{ page.sku }}</p>
        <img src=""{{ site.url }}/img/rating.png"" alt=""rating"" title=""rating"" /><br>
        <span>
         <span>{{ page.price }}</span>        
         <label>Stok:<a href=""http://stok.lipatan.com"" target=""_blank"" title=""Cek Stok"">
          <script type=""text/javascript"">
          <!--
          document.write(unescape('%3c%62%75%74%74%6f%6e%20%74%79%70%65%3d%22%62%75%74%74%6f%6e%22%20%63%6c%61%73%73%3d%22%62%74%6e%20%62%74%6e%2d%66%65%66%61%75%6c%74%20%63%61%72%74%22%3e%09%09%09%09%09%09%09%09%09%09%3c%69%20%63%6c%61%73%73%3d%22%66%61%20%66%61%2d%73%68%6f%70%70%69%6e%67%2d%63%61%72%74%22%3e%3c%2f%69%3e%09%09%09%09%09%09%09%09%09%09%43%65%6b%20%53%74%6f%6b%3c%2f%62%75%74%74%6f%6e%3e'));
          //-->
          </script>
          </a>
         </label>
        </span>
        <p><b>Kondisi:</b> {{ page.kondisi }}</p>
        <p><b>Deskripsi:</b> {{ page.description }}</p>
        {% include buy.html %}
       </div><!--/product-information-->
      </div>
     </div><!--/product-details-->
     
     <div class=""category-tab shop-details-tab""><!--category-tab-->
      <div class=""col-sm-12"">
       <ul class=""nav nav-tabs"">
        <li class=""active""><a href=""{{ site.url }}{{ page.url }}#keterangan"" data-toggle=""tab"" title=""Keterangan"">Keterangan</a></li>        
       </ul>
      </div>
      <div class=""tab-content"">
       <div class=""tab-pane fade active in"" id=""keterangan"" >
        <div class=""col-sm-12"">
         <h2>{{ page.product }}</h2>         
         <ol class=""breadcrumb"">
            <li class=""active"">Tag :</li>
            <li><a href=""{{ site.url }}/{{ page.jenis }}"" title=""{{ page.jenis }}"">{{ page.jenis }}</a></li>
            <li><a href=""{{ site.url }}/{{ page.brand }}"" title=""{{ page.brand }}"">{{ page.brand }}</a></li>  
         </ol>         
         <p>Tampil trendy dengan Sepatu Sandal Wanita merek Garsel Shoes. Brand fashion asal Bandung. Cocok untuk hadiah orang yang Anda sayangi agar terlihat lebih gaya, tampil berbeda dan percaya diri. Sepatu Sandal Wanita - L 501 dengan bahan SYNTH ini dijamin awet.<br/>Kode : L 501<br/>Warna : HITAM<br/>Bahan : SYNTH<br/>Ukuran : 36 - 40<br/>Berat : 0.72 kg<br/>Heels : 3 cm<br>
         </p>

         <p style=""background-color: #5cb85c; color: #ffffff; padding: 5px; text-align: center; display: inline-block; box-shadow: 0 1px 3px rgba(0,0,0,0.12), 0 1px 2px rgba(0,0,0,0.24);"">
         ID Penjual : BDRS<br>
         Lokasi : Bandung</p>

         {% include share.html %}

         {% include disqus.html %}
         
        </div>
       </div>       
       
      </div>
     </div><!--/category-tab-->",2017-02-07,html,sepatu-sandal-wanita,garsel-shoes,sepatu-sandal-wanita,garsel-shoes,"Sepatu Sandal Wanita Bahan SYNTH, Ukuran 36 - 40, Warna HITAM",https://images.lipatan.com/katalog-garsel-shoes-2016/foto-satuan/l-501.jpg,Sepatu Sandal Wanita - L 501,Rp 183.900,L 501,Baru
Jual Sepatu Sandal Wanita - L 502 Murah,sepatu-sandal-wanita-l-502,"
     <div class=""product-details""><!--product-details-->
      <div class=""col-sm-5"">
       <div class=""view-product"">
        <img src=""{{ page.image }}"" alt=""{{ page.product }}"" title=""{{ page.product }}"" />
        <h3><a style=""text-decoration: none; color: #ffffff"" href=""{{ page.image }}"" target=""_blank"" title=""Klik disini untuk memperbesar"">ZOOM</a></h3>
       </div>
      </div>

      <div class=""col-sm-7"">
       <div class=""product-information""><!--/product-information-->
        <h1>{{ page.product }}</h1>
        <p>SKU: {{ page.sku }}</p>
        <img src=""{{ site.url }}/img/rating.png"" alt=""rating"" title=""rating"" /><br>
        <span>
         <span>{{ page.price }}</span>        
         <label>Stok:<a href=""http://stok.lipatan.com"" target=""_blank"" title=""Cek Stok"">
          <script type=""text/javascript"">
          <!--
          document.write(unescape('%3c%62%75%74%74%6f%6e%20%74%79%70%65%3d%22%62%75%74%74%6f%6e%22%20%63%6c%61%73%73%3d%22%62%74%6e%20%62%74%6e%2d%66%65%66%61%75%6c%74%20%63%61%72%74%22%3e%09%09%09%09%09%09%09%09%09%09%3c%69%20%63%6c%61%73%73%3d%22%66%61%20%66%61%2d%73%68%6f%70%70%69%6e%67%2d%63%61%72%74%22%3e%3c%2f%69%3e%09%09%09%09%09%09%09%09%09%09%43%65%6b%20%53%74%6f%6b%3c%2f%62%75%74%74%6f%6e%3e'));
          //-->
          </script>
          </a>
         </label>
        </span>
        <p><b>Kondisi:</b> {{ page.kondisi }}</p>
        <p><b>Deskripsi:</b> {{ page.description }}</p>
        {% include buy.html %}
       </div><!--/product-information-->
      </div>
     </div><!--/product-details-->
     
     <div class=""category-tab shop-details-tab""><!--category-tab-->
      <div class=""col-sm-12"">
       <ul class=""nav nav-tabs"">
        <li class=""active""><a href=""{{ site.url }}{{ page.url }}#keterangan"" data-toggle=""tab"" title=""Keterangan"">Keterangan</a></li>        
       </ul>
      </div>
      <div class=""tab-content"">
       <div class=""tab-pane fade active in"" id=""keterangan"" >
        <div class=""col-sm-12"">
         <h2>{{ page.product }}</h2>         
         <ol class=""breadcrumb"">
            <li class=""active"">Tag :</li>
            <li><a href=""{{ site.url }}/{{ page.jenis }}"" title=""{{ page.jenis }}"">{{ page.jenis }}</a></li>
            <li><a href=""{{ site.url }}/{{ page.brand }}"" title=""{{ page.brand }}"">{{ page.brand }}</a></li>  
         </ol>         
         <p>Tampil trendy dengan Sepatu Sandal Wanita merek Garsel Shoes. Brand fashion asal Bandung. Cocok untuk hadiah orang yang Anda sayangi agar terlihat lebih gaya, tampil berbeda dan percaya diri. Sepatu Sandal Wanita - L 502 dengan bahan SYNTH ini dijamin awet.<br/>Kode : L 502<br/>Warna : CKLKOM<br/>Bahan : SYNTH<br/>Ukuran : 36 - 40<br/>Berat : 0.72 kg<br/>Heels : 4 cm<br>
         </p>

         <p style=""background-color: #5cb85c; color: #ffffff; padding: 5px; text-align: center; display: inline-block; box-shadow: 0 1px 3px rgba(0,0,0,0.12), 0 1px 2px rgba(0,0,0,0.24);"">
         ID Penjual : BDRS<br>
         Lokasi : Bandung</p>

         {% include share.html %}

         {% include disqus.html %}
         
        </div>
       </div>       
       
      </div>
     </div><!--/category-tab-->",2017-02-07,html,sepatu-sandal-wanita,garsel-shoes,sepatu-sandal-wanita,garsel-shoes,"Sepatu Sandal Wanita Bahan SYNTH, Ukuran 36 - 40, Warna CKLKOM",https://images.lipatan.com/katalog-garsel-shoes-2016/foto-satuan/l-502.jpg,Sepatu Sandal Wanita - L 502,Rp 146.900,L 502,Baru
Jual Sepatu Sandal Wanita - L 503 Murah,sepatu-sandal-wanita-l-503,"
     <div class=""product-details""><!--product-details-->
      <div class=""col-sm-5"">
       <div class=""view-product"">
        <img src=""{{ page.image }}"" alt=""{{ page.product }}"" title=""{{ page.product }}"" />
        <h3><a style=""text-decoration: none; color: #ffffff"" href=""{{ page.image }}"" target=""_blank"" title=""Klik disini untuk memperbesar"">ZOOM</a></h3>
       </div>
      </div>

      <div class=""col-sm-7"">
       <div class=""product-information""><!--/product-information-->
        <h1>{{ page.product }}</h1>
        <p>SKU: {{ page.sku }}</p>
        <img src=""{{ site.url }}/img/rating.png"" alt=""rating"" title=""rating"" /><br>
        <span>
         <span>{{ page.price }}</span>        
         <label>Stok:<a href=""http://stok.lipatan.com"" target=""_blank"" title=""Cek Stok"">
          <script type=""text/javascript"">
          <!--
          document.write(unescape('%3c%62%75%74%74%6f%6e%20%74%79%70%65%3d%22%62%75%74%74%6f%6e%22%20%63%6c%61%73%73%3d%22%62%74%6e%20%62%74%6e%2d%66%65%66%61%75%6c%74%20%63%61%72%74%22%3e%09%09%09%09%09%09%09%09%09%09%3c%69%20%63%6c%61%73%73%3d%22%66%61%20%66%61%2d%73%68%6f%70%70%69%6e%67%2d%63%61%72%74%22%3e%3c%2f%69%3e%09%09%09%09%09%09%09%09%09%09%43%65%6b%20%53%74%6f%6b%3c%2f%62%75%74%74%6f%6e%3e'));
          //-->
          </script>
          </a>
         </label>
        </span>
        <p><b>Kondisi:</b> {{ page.kondisi }}</p>
        <p><b>Deskripsi:</b> {{ page.description }}</p>
        {% include buy.html %}
       </div><!--/product-information-->
      </div>
     </div><!--/product-details-->
     
     <div class=""category-tab shop-details-tab""><!--category-tab-->
      <div class=""col-sm-12"">
       <ul class=""nav nav-tabs"">
        <li class=""active""><a href=""{{ site.url }}{{ page.url }}#keterangan"" data-toggle=""tab"" title=""Keterangan"">Keterangan</a></li>        
       </ul>
      </div>
      <div class=""tab-content"">
       <div class=""tab-pane fade active in"" id=""keterangan"" >
        <div class=""col-sm-12"">
         <h2>{{ page.product }}</h2>         
         <ol class=""breadcrumb"">
            <li class=""active"">Tag :</li>
            <li><a href=""{{ site.url }}/{{ page.jenis }}"" title=""{{ page.jenis }}"">{{ page.jenis }}</a></li>
            <li><a href=""{{ site.url }}/{{ page.brand }}"" title=""{{ page.brand }}"">{{ page.brand }}</a></li>  
         </ol>         
         <p>Tampil trendy dengan Sepatu Sandal Wanita merek Garsel Shoes. Brand fashion asal Bandung. Cocok untuk hadiah orang yang Anda sayangi agar terlihat lebih gaya, tampil berbeda dan percaya diri. Sepatu Sandal Wanita - L 503 dengan bahan SYNTH ini dijamin awet.<br/>Kode : L 503<br/>Warna : ABU<br/>Bahan : SYNTH<br/>Ukuran : 36 - 40<br/>Berat : 0.72 kg<br/>Heels : 3 cm<br>
         </p>

         <p style=""background-color: #5cb85c; color: #ffffff; padding: 5px; text-align: center; display: inline-block; box-shadow: 0 1px 3px rgba(0,0,0,0.12), 0 1px 2px rgba(0,0,0,0.24);"">
         ID Penjual : BDRS<br>
         Lokasi : Bandung</p>

         {% include share.html %}

         {% include disqus.html %}
         
        </div>
       </div>       
       
      </div>
     </div><!--/category-tab-->",2017-02-07,html,sepatu-sandal-wanita,garsel-shoes,sepatu-sandal-wanita,garsel-shoes,"Sepatu Sandal Wanita Bahan SYNTH, Ukuran 36 - 40, Warna ABU",https://images.lipatan.com/katalog-garsel-shoes-2016/foto-satuan/l-503.jpg,Sepatu Sandal Wanita - L 503,Rp 148.900,L 503,Baru
Jual Sepatu Sandal Wanita - L 504 Murah,sepatu-sandal-wanita-l-504,"
     <div class=""product-details""><!--product-details-->
      <div class=""col-sm-5"">
       <div class=""view-product"">
        <img src=""{{ page.image }}"" alt=""{{ page.product }}"" title=""{{ page.product }}"" />
        <h3><a style=""text-decoration: none; color: #ffffff"" href=""{{ page.image }}"" target=""_blank"" title=""Klik disini untuk memperbesar"">ZOOM</a></h3>
       </div>
      </div>

      <div class=""col-sm-7"">
       <div class=""product-information""><!--/product-information-->
        <h1>{{ page.product }}</h1>
        <p>SKU: {{ page.sku }}</p>
        <img src=""{{ site.url }}/img/rating.png"" alt=""rating"" title=""rating"" /><br>
        <span>
         <span>{{ page.price }}</span>        
         <label>Stok:<a href=""http://stok.lipatan.com"" target=""_blank"" title=""Cek Stok"">
          <script type=""text/javascript"">
          <!--
          document.write(unescape('%3c%62%75%74%74%6f%6e%20%74%79%70%65%3d%22%62%75%74%74%6f%6e%22%20%63%6c%61%73%73%3d%22%62%74%6e%20%62%74%6e%2d%66%65%66%61%75%6c%74%20%63%61%72%74%22%3e%09%09%09%09%09%09%09%09%09%09%3c%69%20%63%6c%61%73%73%3d%22%66%61%20%66%61%2d%73%68%6f%70%70%69%6e%67%2d%63%61%72%74%22%3e%3c%2f%69%3e%09%09%09%09%09%09%09%09%09%09%43%65%6b%20%53%74%6f%6b%3c%2f%62%75%74%74%6f%6e%3e'));
          //-->
          </script>
          </a>
         </label>
        </span>
        <p><b>Kondisi:</b> {{ page.kondisi }}</p>
        <p><b>Deskripsi:</b> {{ page.description }}</p>
        {% include buy.html %}
       </div><!--/product-information-->
      </div>
     </div><!--/product-details-->
     
     <div class=""category-tab shop-details-tab""><!--category-tab-->
      <div class=""col-sm-12"">
       <ul class=""nav nav-tabs"">
        <li class=""active""><a href=""{{ site.url }}{{ page.url }}#keterangan"" data-toggle=""tab"" title=""Keterangan"">Keterangan</a></li>        
       </ul>
      </div>
      <div class=""tab-content"">
       <div class=""tab-pane fade active in"" id=""keterangan"" >
        <div class=""col-sm-12"">
         <h2>{{ page.product }}</h2>         
         <ol class=""breadcrumb"">
            <li class=""active"">Tag :</li>
            <li><a href=""{{ site.url }}/{{ page.jenis }}"" title=""{{ page.jenis }}"">{{ page.jenis }}</a></li>
            <li><a href=""{{ site.url }}/{{ page.brand }}"" title=""{{ page.brand }}"">{{ page.brand }}</a></li>  
         </ol>         
         <p>Tampil trendy dengan Sepatu Sandal Wanita merek Garsel Shoes. Brand fashion asal Bandung. Cocok untuk hadiah orang yang Anda sayangi agar terlihat lebih gaya, tampil berbeda dan percaya diri. Sepatu Sandal Wanita - L 504 dengan bahan SYNTH ini dijamin awet.<br/>Kode : L 504<br/>Warna : CREKOM<br/>Bahan : SYNTH<br/>Ukuran : 36 - 40<br/>Berat : 0.72 kg<br/>Heels : 2 cm<br>
         </p>

         <p style=""background-color: #5cb85c; color: #ffffff; padding: 5px; text-align: center; display: inline-block; box-shadow: 0 1px 3px rgba(0,0,0,0.12), 0 1px 2px rgba(0,0,0,0.24);"">
         ID Penjual : BDRS<br>
         Lokasi : Bandung</p>

         {% include share.html %}

         {% include disqus.html %}
         
        </div>
       </div>       
       
      </div>
     </div><!--/category-tab-->",2017-02-07,html,sepatu-sandal-wanita,garsel-shoes,sepatu-sandal-wanita,garsel-shoes,"Sepatu Sandal Wanita Bahan SYNTH, Ukuran 36 - 40, Warna CREKOM",https://images.lipatan.com/katalog-garsel-shoes-2016/foto-satuan/l-504.jpg,Sepatu Sandal Wanita - L 504,Rp 139.900,L 504,Baru
Jual Sepatu Sandal Wanita - L 505 Murah,sepatu-sandal-wanita-l-505,"
     <div class=""product-details""><!--product-details-->
      <div class=""col-sm-5"">
       <div class=""view-product"">
        <img src=""{{ page.image }}"" alt=""{{ page.product }}"" title=""{{ page.product }}"" />
        <h3><a style=""text-decoration: none; color: #ffffff"" href=""{{ page.image }}"" target=""_blank"" title=""Klik disini untuk memperbesar"">ZOOM</a></h3>
       </div>
      </div>

      <div class=""col-sm-7"">
       <div class=""product-information""><!--/product-information-->
        <h1>{{ page.product }}</h1>
        <p>SKU: {{ page.sku }}</p>
        <img src=""{{ site.url }}/img/rating.png"" alt=""rating"" title=""rating"" /><br>
        <span>
         <span>{{ page.price }}</span>        
         <label>Stok:<a href=""http://stok.lipatan.com"" target=""_blank"" title=""Cek Stok"">
          <script type=""text/javascript"">
          <!--
          document.write(unescape('%3c%62%75%74%74%6f%6e%20%74%79%70%65%3d%22%62%75%74%74%6f%6e%22%20%63%6c%61%73%73%3d%22%62%74%6e%20%62%74%6e%2d%66%65%66%61%75%6c%74%20%63%61%72%74%22%3e%09%09%09%09%09%09%09%09%09%09%3c%69%20%63%6c%61%73%73%3d%22%66%61%20%66%61%2d%73%68%6f%70%70%69%6e%67%2d%63%61%72%74%22%3e%3c%2f%69%3e%09%09%09%09%09%09%09%09%09%09%43%65%6b%20%53%74%6f%6b%3c%2f%62%75%74%74%6f%6e%3e'));
          //-->
          </script>
          </a>
         </label>
        </span>
        <p><b>Kondisi:</b> {{ page.kondisi }}</p>
        <p><b>Deskripsi:</b> {{ page.description }}</p>
        {% include buy.html %}
       </div><!--/product-information-->
      </div>
     </div><!--/product-details-->
     
     <div class=""category-tab shop-details-tab""><!--category-tab-->
      <div class=""col-sm-12"">
       <ul class=""nav nav-tabs"">
        <li class=""active""><a href=""{{ site.url }}{{ page.url }}#keterangan"" data-toggle=""tab"" title=""Keterangan"">Keterangan</a></li>        
       </ul>
      </div>
      <div class=""tab-content"">
       <div class=""tab-pane fade active in"" id=""keterangan"" >
        <div class=""col-sm-12"">
         <h2>{{ page.product }}</h2>         
         <ol class=""breadcrumb"">
            <li class=""active"">Tag :</li>
            <li><a href=""{{ site.url }}/{{ page.jenis }}"" title=""{{ page.jenis }}"">{{ page.jenis }}</a></li>
            <li><a href=""{{ site.url }}/{{ page.brand }}"" title=""{{ page.brand }}"">{{ page.brand }}</a></li>  
         </ol>         
         <p>Tampil trendy dengan Sepatu Sandal Wanita merek Garsel Shoes. Brand fashion asal Bandung. Cocok untuk hadiah orang yang Anda sayangi agar terlihat lebih gaya, tampil berbeda dan percaya diri. Sepatu Sandal Wanita - L 505 dengan bahan SYNTH ini dijamin awet.<br/>Kode : L 505<br/>Warna : TANKOM<br/>Bahan : SYNTH<br/>Ukuran : 36 - 40<br/>Berat : 0.72 kg<br/>Heels : 4 cm<br>
         </p>

         <p style=""background-color: #5cb85c; color: #ffffff; padding: 5px; text-align: center; display: inline-block; box-shadow: 0 1px 3px rgba(0,0,0,0.12), 0 1px 2px rgba(0,0,0,0.24);"">
         ID Penjual : BDRS<br>
         Lokasi : Bandung</p>

         {% include share.html %}

         {% include disqus.html %}
         
        </div>
       </div>       
       
      </div>
     </div><!--/category-tab-->",2017-02-07,html,sepatu-sandal-wanita,garsel-shoes,sepatu-sandal-wanita,garsel-shoes,"Sepatu Sandal Wanita Bahan SYNTH, Ukuran 36 - 40, Warna TANKOM",https://images.lipatan.com/katalog-garsel-shoes-2016/foto-satuan/l-505.jpg,Sepatu Sandal Wanita - L 505,Rp 151.900,L 505,Baru
Jual Sepatu Sandal Wanita - L 506 Murah,sepatu-sandal-wanita-l-506,"
     <div class=""product-details""><!--product-details-->
      <div class=""col-sm-5"">
       <div class=""view-product"">
        <img src=""{{ page.image }}"" alt=""{{ page.product }}"" title=""{{ page.product }}"" />
        <h3><a style=""text-decoration: none; color: #ffffff"" href=""{{ page.image }}"" target=""_blank"" title=""Klik disini untuk memperbesar"">ZOOM</a></h3>
       </div>
      </div>

      <div class=""col-sm-7"">
       <div class=""product-information""><!--/product-information-->
        <h1>{{ page.product }}</h1>
        <p>SKU: {{ page.sku }}</p>
        <img src=""{{ site.url }}/img/rating.png"" alt=""rating"" title=""rating"" /><br>
        <span>
         <span>{{ page.price }}</span>        
         <label>Stok:<a href=""http://stok.lipatan.com"" target=""_blank"" title=""Cek Stok"">
          <script type=""text/javascript"">
          <!--
          document.write(unescape('%3c%62%75%74%74%6f%6e%20%74%79%70%65%3d%22%62%75%74%74%6f%6e%22%20%63%6c%61%73%73%3d%22%62%74%6e%20%62%74%6e%2d%66%65%66%61%75%6c%74%20%63%61%72%74%22%3e%09%09%09%09%09%09%09%09%09%09%3c%69%20%63%6c%61%73%73%3d%22%66%61%20%66%61%2d%73%68%6f%70%70%69%6e%67%2d%63%61%72%74%22%3e%3c%2f%69%3e%09%09%09%09%09%09%09%09%09%09%43%65%6b%20%53%74%6f%6b%3c%2f%62%75%74%74%6f%6e%3e'));
          //-->
          </script>
          </a>
         </label>
        </span>
        <p><b>Kondisi:</b> {{ page.kondisi }}</p>
        <p><b>Deskripsi:</b> {{ page.description }}</p>
        {% include buy.html %}
       </div><!--/product-information-->
      </div>
     </div><!--/product-details-->
     
     <div class=""category-tab shop-details-tab""><!--category-tab-->
      <div class=""col-sm-12"">
       <ul class=""nav nav-tabs"">
        <li class=""active""><a href=""{{ site.url }}{{ page.url }}#keterangan"" data-toggle=""tab"" title=""Keterangan"">Keterangan</a></li>        
       </ul>
      </div>
      <div class=""tab-content"">
       <div class=""tab-pane fade active in"" id=""keterangan"" >
        <div class=""col-sm-12"">
         <h2>{{ page.product }}</h2>         
         <ol class=""breadcrumb"">
            <li class=""active"">Tag :</li>
            <li><a href=""{{ site.url }}/{{ page.jenis }}"" title=""{{ page.jenis }}"">{{ page.jenis }}</a></li>
            <li><a href=""{{ site.url }}/{{ page.brand }}"" title=""{{ page.brand }}"">{{ page.brand }}</a></li>  
         </ol>         
         <p>Tampil trendy dengan Sepatu Sandal Wanita merek Garsel Shoes. Brand fashion asal Bandung. Cocok untuk hadiah orang yang Anda sayangi agar terlihat lebih gaya, tampil berbeda dan percaya diri. Sepatu Sandal Wanita - L 506 dengan bahan SYNTH ini dijamin awet.<br/>Kode : L 506<br/>Warna : TANKOM<br/>Bahan : SYNTH<br/>Ukuran : 36 - 40<br/>Berat : 0.72 kg<br/>Heels : <br>
         </p>

         <p style=""background-color: #5cb85c; color: #ffffff; padding: 5px; text-align: center; display: inline-block; box-shadow: 0 1px 3px rgba(0,0,0,0.12), 0 1px 2px rgba(0,0,0,0.24);"">
         ID Penjual : BDRS<br>
         Lokasi : Bandung</p>

         {% include share.html %}

         {% include disqus.html %}
         
        </div>
       </div>       
       
      </div>
     </div><!--/category-tab-->",2017-02-07,html,sepatu-sandal-wanita,garsel-shoes,sepatu-sandal-wanita,garsel-shoes,"Sepatu Sandal Wanita Bahan SYNTH, Ukuran 36 - 40, Warna TANKOM",https://images.lipatan.com/katalog-garsel-shoes-2016/foto-satuan/l-506.jpg,Sepatu Sandal Wanita - L 506,Rp 151.900,L 506,Baru
Jual Sepatu Sandal Wanita - L 507 Murah,sepatu-sandal-wanita-l-507,"
     <div class=""product-details""><!--product-details-->
      <div class=""col-sm-5"">
       <div class=""view-product"">
        <img src=""{{ page.image }}"" alt=""{{ page.product }}"" title=""{{ page.product }}"" />
        <h3><a style=""text-decoration: none; color: #ffffff"" href=""{{ page.image }}"" target=""_blank"" title=""Klik disini untuk memperbesar"">ZOOM</a></h3>
       </div>
      </div>

      <div class=""col-sm-7"">
       <div class=""product-information""><!--/product-information-->
        <h1>{{ page.product }}</h1>
        <p>SKU: {{ page.sku }}</p>
        <img src=""{{ site.url }}/img/rating.png"" alt=""rating"" title=""rating"" /><br>
        <span>
         <span>{{ page.price }}</span>        
         <label>Stok:<a href=""http://stok.lipatan.com"" target=""_blank"" title=""Cek Stok"">
          <script type=""text/javascript"">
          <!--
          document.write(unescape('%3c%62%75%74%74%6f%6e%20%74%79%70%65%3d%22%62%75%74%74%6f%6e%22%20%63%6c%61%73%73%3d%22%62%74%6e%20%62%74%6e%2d%66%65%66%61%75%6c%74%20%63%61%72%74%22%3e%09%09%09%09%09%09%09%09%09%09%3c%69%20%63%6c%61%73%73%3d%22%66%61%20%66%61%2d%73%68%6f%70%70%69%6e%67%2d%63%61%72%74%22%3e%3c%2f%69%3e%09%09%09%09%09%09%09%09%09%09%43%65%6b%20%53%74%6f%6b%3c%2f%62%75%74%74%6f%6e%3e'));
          //-->
          </script>
          </a>
         </label>
        </span>
        <p><b>Kondisi:</b> {{ page.kondisi }}</p>
        <p><b>Deskripsi:</b> {{ page.description }}</p>
        {% include buy.html %}
       </div><!--/product-information-->
      </div>
     </div><!--/product-details-->
     
     <div class=""category-tab shop-details-tab""><!--category-tab-->
      <div class=""col-sm-12"">
       <ul class=""nav nav-tabs"">
        <li class=""active""><a href=""{{ site.url }}{{ page.url }}#keterangan"" data-toggle=""tab"" title=""Keterangan"">Keterangan</a></li>        
       </ul>
      </div>
      <div class=""tab-content"">
       <div class=""tab-pane fade active in"" id=""keterangan"" >
        <div class=""col-sm-12"">
         <h2>{{ page.product }}</h2>         
         <ol class=""breadcrumb"">
            <li class=""active"">Tag :</li>
            <li><a href=""{{ site.url }}/{{ page.jenis }}"" title=""{{ page.jenis }}"">{{ page.jenis }}</a></li>
            <li><a href=""{{ site.url }}/{{ page.brand }}"" title=""{{ page.brand }}"">{{ page.brand }}</a></li>  
         </ol>         
         <p>Tampil trendy dengan Sepatu Sandal Wanita merek Garsel Shoes. Brand fashion asal Bandung. Cocok untuk hadiah orang yang Anda sayangi agar terlihat lebih gaya, tampil berbeda dan percaya diri. Sepatu Sandal Wanita - L 507 dengan bahan SUPER ini dijamin awet.<br/>Kode : L 507<br/>Warna : PUTIH<br/>Bahan : SUPER<br/>Ukuran : 36 - 40<br/>Berat : 0.72 kg<br/>Heels : <br>
         </p>

         <p style=""background-color: #5cb85c; color: #ffffff; padding: 5px; text-align: center; display: inline-block; box-shadow: 0 1px 3px rgba(0,0,0,0.12), 0 1px 2px rgba(0,0,0,0.24);"">
         ID Penjual : BDRS<br>
         Lokasi : Bandung</p>

         {% include share.html %}

         {% include disqus.html %}
         
        </div>
       </div>       
       
      </div>
     </div><!--/category-tab-->",2017-02-07,html,sepatu-sandal-wanita,garsel-shoes,sepatu-sandal-wanita,garsel-shoes,"Sepatu Sandal Wanita Bahan SUPER, Ukuran 36 - 40, Warna PUTIH",https://images.lipatan.com/katalog-garsel-shoes-2016/foto-satuan/l-507.jpg,Sepatu Sandal Wanita - L 507,Rp 157.900,L 507,Baru
